date,barometer
2011-01-04,0.7264024308051761
2011-01-05,0.7334398589144501
2011-01-06,0.7326423211718188
2011-01-07,0.7771696396477354
2011-01-10,0.6940853028396836
2011-01-11,0.792216143961179
2011-01-12,0.747416427030913
2011-01-13,0.7289775790797988
2011-01-14,0.7335465717109992
2011-01-18,0.572609633357297
2011-01-19,0.48869125179726813
2011-01-20,0.4818840986700216
2011-01-21,0.4655458078720345
2011-01-24,0.4125629043853343
2011-01-25,0.38141961718188344
2011-01-26,0.49461942846872753
2011-01-27,0.5937640411574406
2011-01-28,0.29151689432063266
2011-01-31,0.1627370147375989
2011-02-01,0.34868687095614664
2011-02-02,0.40132717020129405
2011-02-03,0.5521741328181164
2011-02-04,0.6502768916247305
2011-02-07,0.5172706236520489
2011-02-08,0.5831770084471602
2011-02-09,0.5831376932063264
2011-02-10,0.5563443565780014
2011-02-11,0.5321345929187635
2011-02-14,0.414450035945363
2011-02-15,0.3821666067577283
2011-02-16,0.3596614396117901
2011-02-17,0.4790281272465852
2011-02-18,0.6136800188713156
2011-02-22,0.1856943071531273
2011-02-23,0.16979129223580158
2011-02-24,0.22360543224299065
2011-02-25,0.36968120956146655
2011-02-28,0.3232583348310568
2011-03-01,0.27180310927390355
2011-03-02,0.23612171998562187
2011-03-03,0.4915696890726096
2011-03-04,0.4454192127965493
2011-03-07,0.25812421369518335
2011-03-08,0.3384929906542057
2011-03-09,0.31941386592379584
2011-03-10,0.19335797088425594
2011-03-11,0.3716104645938174
2011-03-14,0.22237823508267437
2011-03-15,0.11599119338605318
2011-03-16,0.08452495956146652
2011-03-17,0.07196935657800146
2011-03-18,0.12872933141624732
2011-03-21,0.24887670740474482
2011-03-22,0.28890804726815245
2011-03-23,0.3615036394680087
2011-03-24,0.45624494518332137
2011-03-25,0.4596457135154566
2011-03-28,0.29646499820273187
2011-03-29,0.42029396567217825
2011-03-30,0.4590587931344356
2011-03-31,0.5355241283249461
2011-04-01,0.649535518511862
2011-04-04,0.46634615384615385
2011-04-05,0.5533086583393242
2011-04-06,0.6444947429906542
2011-04-07,0.5974737149532711
2011-04-08,0.5225725647016535
2011-04-11,0.5477624011502515
2011-04-12,0.4852062365204889
2011-04-13,0.5612840357656362
2011-04-14,0.6787158519051043
2011-04-15,0.8208601051401869
2011-04-18,0.5052345434938892
2011-04-19,0.6795695542774982
2011-04-20,0.7196879493170381
2011-04-21,0.8692936736161035
2011-04-25,0.6864749955068297
2011-04-26,0.640543561286844
2011-04-27,0.6478449631560028
2011-04-28,0.7880627695902229
2011-04-29,0.7829854870596692
2011-05-02,0.6190409327821711
2011-05-03,0.5886446351545651
2011-05-04,0.5469086987778575
2011-05-05,0.35396353792235796
2011-05-06,0.3550334741193386
2011-05-09,0.4686432872034508
2011-05-10,0.6533771791876348
2011-05-11,0.4845856173616103
2011-05-12,0.5939999326024443
2011-05-13,0.4617013389647736
2011-05-16,0.3032581101725378
2011-05-17,0.3399785451114306
2011-05-18,0.4924149667505392
2011-05-19,0.6280188488497483
2011-05-20,0.4053429412293314
2011-05-23,0.29102826204169663
2011-05-24,0.3623685747663552
2011-05-25,0.4322935388209921
2011-05-26,0.6105123337526959
2011-05-27,0.5954489800503235
2011-05-31,0.5350242631200575
2011-06-01,0.31030396297627605
2011-06-02,0.2562033833572969
2011-06-03,0.3805743395039539
2011-06-06,0.26614733105679367
2011-06-07,0.3110200620057512
2011-06-08,0.27778745057512577
2011-06-09,0.3141737059669303
2011-06-10,0.4760092783968368
2011-06-13,0.22426536664270308
2011-06-14,0.2889473625089864
2011-06-15,0.17535439881380305
2011-06-16,0.1219811511502516
2011-06-17,0.16270612419122935
2011-06-20,0.24610498292595254
2011-06-21,0.2772426536664271
2011-06-22,0.3899313668224299
2011-06-23,0.2795341705607477
2011-06-24,0.2140237464054637
2011-06-27,0.18211100377426312
2011-06-28,0.26668089503953984
2011-06-29,0.4911540708123652
2011-06-30,0.6068054681883537
2011-07-01,0.5631206191588785
2011-07-05,0.4892051581595974
2011-07-06,0.5013086358734723
2011-07-07,0.5131200575125809
2011-07-08,0.4867226815240834
2011-07-11,0.2811011637311287
2011-07-12,0.19644140905823151
2011-07-13,0.22449002516175412
2011-07-14,0.1665955248023005
2011-07-15,0.2678238452552121
2011-07-18,0.16714312994248742
2011-07-19,0.24483847052480232
2011-07-20,0.25765243080517614
2011-07-21,0.3689931928468727
2011-07-22,0.4340879987419123
2011-07-25,0.20161697969086986
2011-07-26,0.18313881649892164
2011-07-27,0.11333460639827467
2011-07-28,0.06811084651329977
2011-07-29,0.034378369877785725
2011-08-01,0.056234835549964
2011-08-02,0.05545976365923791
2011-08-03,0.10913068386053201
2011-08-04,0.05401352444284685
2011-08-05,0.05850107836089147
2011-08-08,0.012204574047447903
2011-08-09,0.06302794751976998
2011-08-10,0.010351141265276809
2011-08-11,0.0205618709561467
2011-08-12,0.05381694823867722
2011-08-15,0.10791752785765632
2011-08-16,0.09919235262401149
2011-08-17,0.12642938982746224
2011-08-18,0.030570407979870595
2011-08-19,0.03688331236520487
2011-08-22,0.0434545740474479
2011-08-23,0.12992282979870598
2011-08-24,0.08389029924514738
2011-08-25,0.04223018511861967
2011-08-26,0.15395286664270308
2011-08-29,0.1139748831775701
2011-08-30,0.08776004223580161
2011-08-31,0.12339930805176133
2011-09-01,0.144348714953271
2011-09-02,0.19858408968368083
2011-09-06,0.08423571171818836
2011-09-07,0.16529250539180446
2011-09-08,0.11732510334291874
2011-09-09,0.07022825305535582
2011-09-12,0.10644882278936013
2011-09-13,0.11856634166067578
2011-09-14,0.14842907530553567
2011-09-15,0.17929153936017256
2011-09-16,0.18069565510424157
2011-09-19,0.13892321171818833
2011-09-20,0.12848220704529115
2011-09-21,0.10814499460819557
2011-09-22,0.06766714593817394
2011-09-23,0.08292707584471604
2011-09-26,0.11661462077641985
2011-09-27,0.09624370956146652
2011-09-28,0.07201709651329974
2011-09-29,0.11009109902947523
2011-09-30,0.0749460819554277
2011-10-03,0.050663304277498156
2011-10-04,0.15593547807332853
2011-10-05,0.1806142163910856
2011-10-06,0.22655126707404746
2011-10-07,0.2788377291516894
2011-10-10,0.3118878055355859
2011-10-11,0.35608375269590226
2011-10-12,0.3453591166427031
2011-10-13,0.41350085370237244
2011-10-14,0.41965088066139467
2011-10-17,0.14183534777138748
2011-10-18,0.16945430445722506
2011-10-19,0.1277183680805176
2011-10-20,0.09839200664989217
2011-10-21,0.16879156182602445
2011-10-24,0.19902498202731844
2011-10-25,0.12327855409777139
2011-10-26,0.19611003774263117
2011-10-27,0.3345418089503954
2011-10-28,0.4200552659956866
2011-10-31,0.1468957809130122
2011-11-01,0.09126471513299786
2011-11-02,0.15322834291876344
2011-11-03,0.25522331056793673
2011-11-04,0.30654654924514735
2011-11-07,0.30119406002875626
2011-11-08,0.47448721693026596
2011-11-09,0.10780800682961894
2011-11-10,0.2229595390007189
2011-11-11,0.3754942487419123
2011-11-14,0.22832326114306253
2011-11-15,0.21216188892882815
2011-11-16,0.16881402767792958
2011-11-17,0.2569363317757009
2011-11-18,0.3857864171459382
2011-11-21,0.2416427030913012
2011-11-22,0.349099680984903
2011-11-23,0.26142107746225735
2011-11-25,0.28278329439252337
2011-11-28,0.26488924335010783
2011-11-29,0.34027340941768514
2011-11-30,0.4013496360531992
2011-12-01,0.41307400251617543
2011-12-02,0.34175053918044573
2011-12-05,0.2667454843637671
2011-12-06,0.2756251123292595
2011-12-07,0.21161428378864125
2011-12-08,0.20446171818835368
2011-12-09,0.5306799290079081
2011-12-12,0.5402616148454349
2011-12-13,0.6202540887850467
2011-12-14,0.5754543718547807
2011-12-15,0.6543151285046729
2011-12-16,0.7384946755930984
2011-12-19,0.66259941139468
2011-12-20,0.6820520309130123
2011-12-21,0.6935882458662833
2011-12-22,0.747517523364486
2011-12-23,0.8388496360531992
2011-12-27,0.6578057602444285
2011-12-28,0.5846288641265276
2011-12-29,0.7183793134435658
2011-12-30,0.7166045111430626
2012-01-03,0.6341716840402588
2012-01-04,0.6703136232925953
2012-01-05,0.7101483869518331
2012-01-06,0.7732072250179727
2012-01-09,0.7161102624011502
2012-01-10,0.7340941768511862
2012-01-11,0.735857746225737
2012-01-12,0.763999033968368
2012-01-13,0.7581522960100646
2012-01-17,0.524232229511143
2012-01-18,0.538270578720345
2012-01-19,0.7669392523364486
2012-01-20,0.8385547717469446
2012-01-23,0.701763007728253
2012-01-24,0.6591846019051042
2012-01-25,0.6683422447879224
2012-01-26,0.7383289899352983
2012-01-27,0.7038186331775702
2012-01-30,0.5507980993889288
2012-01-31,0.5868080517613228
2012-02-01,0.7182220524802301
2012-02-02,0.7589554502156721
2012-02-03,0.7598540842918763
2012-02-06,0.6444470030553558
2012-02-07,0.6502488093098491
2012-02-08,0.6466149577641984
2012-02-09,0.6731695947160317
2012-02-10,0.50846120147376
2012-02-13,0.6037894275700935
2012-02-14,0.5910428648454349
2012-02-15,0.5065656452192667
2012-02-16,0.7235857746225738
2012-02-17,0.8307591211358735
2012-02-21,0.7603539494967649
2012-02-22,0.771482970884256
2012-02-23,0.8431967783968368
2012-02-24,0.8622309714234364
2012-02-27,0.7450940195902229
2012-02-28,0.7706657755212079
2012-02-29,0.7438471648094895
2012-03-01,0.8401217649173257
2012-03-02,0.8857246360531992
2012-03-05,0.8116828046369519
2012-03-06,0.5661647420920202
2012-03-07,0.7379049469805896
2012-03-08,0.7619686826024442
2012-03-09,0.853269904744788
2012-03-12,0.815145354061826
2012-03-13,0.7375932332854063
2012-03-14,0.7431731892523366
2012-03-15,0.8691336044212796
2012-03-16,0.8801025566139468
2012-03-19,0.8264990339683681
2012-03-20,0.7919914854421279
2012-03-21,0.7514546639108556
2012-03-22,0.7123949721423437
2012-03-23,0.7944992361610351
2012-03-26,0.7163152632997845
2012-03-27,0.6387603342918764
2012-03-28,0.6892439117541337
2012-03-29,0.7339930805176131
2012-03-30,0.7601433321351546
2012-04-02,0.6826417595255212
2012-04-03,0.7385424155283968
2012-04-04,0.8014692667145938
2012-04-05,0.7610335415168943
2012-04-09,0.5167904160675773
2012-04-10,0.45689645488856934
2012-04-11,0.5494248741912293
2012-04-12,0.6753403576563624
2012-04-13,0.5202782395758447
2012-04-16,0.4361323912652768
2012-04-17,0.4770988722142344
2012-04-18,0.4643860082674335
2012-04-19,0.5481387041696621
2012-04-20,0.6442026869158879
2012-04-23,0.4407884390726096
2012-04-24,0.5105027857656362
2012-04-25,0.6183360666786485
2012-04-26,0.6962813398634076
2012-04-27,0.7060399442846874
2012-04-30,0.5097080562544931
2012-05-01,0.5993355724299065
2012-05-02,0.5300508851545651
2012-05-03,0.4857678828181165
2012-05-04,0.4058062994248741
2012-05-07,0.3797318700575126
2012-05-08,0.36181254493170384
2012-05-09,0.3050357207045291
2012-05-10,0.4094457674335011
2012-05-11,0.3360751033429188
2012-05-14,0.23003628235082677
2012-05-15,0.29001729870596693
2012-05-16,0.3774740519410496
2012-05-17,0.29542314432063266
2012-05-18,0.2859172807332854
2012-05-21,0.4790899083393243
2012-05-22,0.4981971153846153
2012-05-23,0.5116850512221424
2012-05-24,0.6948126347951114
2012-05-25,0.685200058411215
2012-05-29,0.5985689252336448
2012-05-30,0.3715514917325665
2012-05-31,0.4511171144859813
2012-06-01,0.34912214683680803
2012-06-04,0.38106297178289006
2012-06-05,0.4512884166067578
2012-06-06,0.6164124281092739
2012-06-07,0.6104477444284687
2012-06-08,0.5621068475916606
2012-06-11,0.337260177030913
2012-06-12,0.33344940690150965
2012-06-13,0.2850495372034507
2012-06-14,0.31124752875629047
2012-06-15,0.29551019949676494
2012-06-18,0.5878976455787204
2012-06-19,0.6003493439971244
2012-06-20,0.6740598040977713
2012-06-21,0.48540281272465846
2012-06-22,0.6611531721782891
2012-06-25,0.4737992002156721
2012-06-26,0.5766562949317038
2012-06-27,0.6828355274982028
2012-06-28,0.5949013749101366
2012-06-29,0.7355516489935299
2012-07-02,0.7353691139468008
2012-07-03,0.7690061107117181
2012-07-05,0.6881936331775701
2012-07-06,0.7488008851545651
2012-07-09,0.5787596603163192
2012-07-10,0.5154902048885693
2012-07-11,0.540199833752696
2012-07-12,0.4994973265636233
2012-07-13,0.7271157216031632
2012-07-16,0.598125224658519
2012-07-17,0.6312932467649173
2012-07-18,0.6884210999281093
2012-07-19,0.7492642433501078
2012-07-20,0.7049952821711
2012-07-23,0.4456607207045291
2012-07-24,0.3837167505391804
2012-07-25,0.4686601365923796
2012-07-26,0.5470715762041696
2012-07-27,0.6318408519051042
2012-07-30,0.4260592649173257
2012-07-31,0.34797638838964773
2012-08-01,0.29560006290438534
2012-08-02,0.5971114530913012
2012-08-03,0.7835752156721782
2012-08-06,0.725239822969087
2012-08-07,0.737082135154565
2012-08-08,0.8128650700934581
2012-08-09,0.8458308995327103
2012-08-10,0.8827535271387491
2012-08-13,0.8514922942127965
2012-08-14,0.8756346603163192
2012-08-15,0.9343856712796549
2012-08-16,0.9343744383537024
2012-08-17,0.9613868170381021
2012-08-20,0.936623831775701
2012-08-21,0.8770808995327104
2012-08-22,0.9165505930984903
2012-08-23,0.8986481173616103
2012-08-24,0.9078928154205608
2012-08-27,0.8081332000359454
2012-08-28,0.7725557153127247
2012-08-29,0.7916320318116462
2012-08-30,0.6792522241193386
2012-08-31,0.7410754403306974
2012-09-04,0.5758110172537743
2012-09-05,0.4944003864126528
2012-09-06,0.692911462077642
2012-09-07,0.8184169437455069
2012-09-10,0.5294302659956865
2012-09-11,0.45519185837526954
2012-09-12,0.48567240294751973
2012-09-13,0.5588380661394681
2012-09-14,0.6211471063982745
2012-09-17,0.6465840672178289
2012-09-18,0.6943155778217109
2012-09-19,0.7223641939252337
2012-09-20,0.7519517208842559
2012-09-21,0.7337487643781452
2012-09-24,0.7050711044212797
2012-09-25,0.5913180715312725
2012-09-26,0.46136715941768514
2012-09-27,0.6125988497483825
2012-09-28,0.5318846603163192
2012-10-01,0.47694722771387493
2012-10-02,0.5835280373831776
2012-10-03,0.6384149218188353
2012-10-04,0.7015243080517612
2012-10-05,0.8048700350467289
2012-10-08,0.6232139647735442
2012-10-09,0.46104140456506115
2012-10-10,0.4435264647735442
2012-10-11,0.5757408114665707
2012-10-12,0.4690673301581596
2012-10-15,0.533690353163192
2012-10-16,0.6043651150251618
2012-10-17,0.5830759121135873
2012-10-18,0.546978904565061
2012-10-19,0.3227893601725378
2012-10-22,0.31038259345794394
2012-10-23,0.16469435208483105
2012-10-24,0.22514715132997848
2012-10-25,0.2624123831775701
2012-10-26,0.36129021387491017
2012-10-31,0.20106656631919484
2012-11-01,0.2688909732207045
2012-11-02,0.2557596827821711
2012-11-05,0.15278464234363767
2012-11-06,0.1731583617900791
2012-11-07,0.20549233914450038
2012-11-08,0.30708292145938165
2012-11-09,0.3112334875988497
2012-11-12,0.5139709516534867
2012-11-13,0.5086802435298347
2012-11-14,0.39215829439252337
2012-11-15,0.3147887086628325
2012-11-16,0.44087830248022997
2012-11-19,0.49327709381739754
2012-11-20,0.4965093682602445
2012-11-21,0.4961836134076204
2012-11-23,0.478129493170381
2012-11-26,0.38489059130122216
2012-11-27,0.3962021477354421
2012-11-28,0.38252886861969804
2012-11-29,0.4152138749101366
2012-11-30,0.3690240833932422
2012-12-03,0.2888827731847592
2012-12-04,0.2757346333572969
2012-12-05,0.3514614036664271
2012-12-06,0.340596356038821
2012-12-07,0.38684231218547804
2012-12-10,0.38417730050323506
2012-12-11,0.3734273903666427
2012-12-12,0.3906278082314881
2012-12-13,0.3730847861250899
2012-12-14,0.3111183501078361
2012-12-17,0.27095783159597414
2012-12-18,0.2618844356578001
2012-12-19,0.1711589009705248
2012-12-20,0.1413495237239396
2012-12-21,0.2265540753055356
2012-12-24,0.13770443925233639
2012-12-26,0.12273094895758446
2012-12-27,0.1172914045650611
2012-12-28,0.07089942038102087
2012-12-31,0.18224579888569375
2013-01-02,0.5987655014378146
2013-01-03,0.5919639647735442
2013-01-04,0.7401402992451473
2013-01-07,0.7275088740115025
2013-01-08,0.7722411933860533
2013-01-09,0.8036400296549245
2013-01-10,0.8037214683680804
2013-01-11,0.7938168359094178
2013-01-14,0.7342654789719626
2013-01-15,0.7402048885693745
2013-01-16,0.7607499101365924
2013-01-17,0.6796144859813082
2013-01-18,0.7826204169662113
2013-01-22,0.6851438937814521
2013-01-23,0.670184444644141
2013-01-24,0.6402346558231488
2013-01-25,0.5809500808770669
2013-01-28,0.4061376707404745
2013-01-29,0.37696857027318476
2013-01-30,0.3040022915168944
2013-01-31,0.34381458932422715
2013-02-01,0.6430709696261683
2013-02-04,0.3317588515456506
2013-02-05,0.4491120372034507
2013-02-06,0.5331146657081236
2013-02-07,0.5432664225377426
2013-02-08,0.604351073867721
2013-02-11,0.5349540573328541
2013-02-12,0.6205096378504672
2013-02-13,0.6043482656362329
2013-02-14,0.6140057737239395
2013-02-15,0.647948867721064
2013-02-19,0.5410984678289
2013-02-20,0.29840548616103524
2013-02-21,0.18134435657800146
2013-02-22,0.23269286933860536
2013-02-25,0.16926615294751973
2013-02-26,0.12823789090582316
2013-02-27,0.2673857611430625
2013-02-28,0.21131099478792228
2013-03-01,0.31184849029475203
2013-03-04,0.4117316678648454
2013-03-05,0.45758166337167505
2013-03-06,0.4929709965851905
2013-03-07,0.5398796953630481
2013-03-08,0.6459185163551402
2013-03-11,0.675152206146657
2013-03-12,0.5354454978432782
2013-03-13,0.6604146072969087
2013-03-14,0.6885334291876348
2013-03-15,0.7752712751617541
2013-03-18,0.4562870686556434
2013-03-19,0.36247247933141624
2013-03-20,0.437845412473041
2013-03-21,0.34102039899352987
2013-03-22,0.33862216930266
2013-03-25,0.3982268826383897
2013-03-26,0.5913658114665707
2013-03-27,0.5228533878504673
2013-03-28,0.6185607251976996
2013-04-01,0.4609290753055356
2013-04-02,0.6006835235442127
2013-04-03,0.3848372349029475
2013-04-04,0.37333471872753415
2013-04-05,0.38175660496046004
2013-04-08,0.40128785496046004
2013-04-09,0.47058096693026596
2013-04-10,0.5563275071890726
2013-04-11,0.6186056569015097
2013-04-12,0.5876224388928829
2013-04-15,0.23037046189791516
2013-04-16,0.27399633806613943
2013-04-17,0.14271432422717475
2013-04-18,0.11823497034507549
2013-04-19,0.2904975062904385
2013-04-22,0.2987508986340762
2013-04-23,0.39268343368080516
2013-04-24,0.3768955562544932
2013-04-25,0.39707550772825306
2013-04-26,0.40448081416247306
2013-04-29,0.3371253819194824
2013-04-30,0.34644028576563624
2013-05-01,0.25393152408339326
2013-05-02,0.38191386592379584
2013-05-03,0.522707359813084
2013-05-06,0.5139091705607477
2013-05-07,0.5169785675772824
2013-05-08,0.5744658743709561
2013-05-09,0.5299132818116463
2013-05-10,0.6433012446081956
2013-05-13,0.5399358599928109
2013-05-14,0.49561354241552846
2013-05-15,0.46883424694464415
2013-05-16,0.5179951473759885
2013-05-17,0.6084932153127247
2013-05-20,0.525919976635514
2013-05-21,0.5262597726455787
2013-05-22,0.45688803019410495
2013-05-23,0.42838448058950396
2013-05-24,0.5031087122573688
2013-05-28,0.3177176941049604
2013-05-29,0.254557759705248
2013-05-30,0.33009918673616107
2013-05-31,0.2558270803378864
2013-06-03,0.1918780328900072
2013-06-04,0.218404587526959
2013-06-05,0.15972097411933864
2013-06-06,0.21205798436376708
2013-06-07,0.4195862913371675
2013-06-10,0.3227697025521208
2013-06-11,0.21211414899352987
2013-06-12,0.18963425593098493
2013-06-13,0.35452237598849745
2013-06-14,0.28132863048166784
2013-06-17,0.24180558051761317
2013-06-18,0.20877235352264562
2013-06-19,0.22522297358015814
2013-06-20,0.0976983734723221
2013-06-21,0.13484004313443565
2013-06-24,0.11979353882099211
2013-06-25,0.22409968098490296
2013-06-26,0.3216099029475198
2013-06-27,0.39938387401150255
2013-06-28,0.39189712886412653
2013-07-01,0.3467239171459382
2013-07-02,0.3908524667505392
2013-07-03,0.3437387670740474
2013-07-05,0.5683298885693745
2013-07-08,0.4319565510424155
2013-07-09,0.45024937095614664
2013-07-10,0.4351775925593099
2013-07-11,0.4686011637311287
2013-07-12,0.5672459112149533
2013-07-15,0.4908283159597412
2013-07-16,0.44839032171099924
2013-07-17,0.5296324586628325
2013-07-18,0.5512811152048886
2013-07-19,0.655781025341481
2013-07-22,0.6367692981667865
2013-07-23,0.5684197519769949
2013-07-24,0.5124067667145937
2013-07-25,0.5190257683321352
2013-07-26,0.5907873157800144
2013-07-29,0.45673919392523366
2013-07-30,0.40234375
2013-07-31,0.3962077641984184
2013-08-01,0.4808001213156003
2013-08-02,0.6954809938892883
2013-08-05,0.6646803109273903
2013-08-06,0.5713740115025161
2013-08-07,0.5563640141984184
2013-08-08,0.6169628414809489
2013-08-09,0.43968761232925957
2013-08-12,0.4579804322429906
2013-08-13,0.5459904070812365
2013-08-14,0.5171639108554996
2013-08-15,0.2918988138030194
2013-08-16,0.29659979331416253
2013-08-19,0.2809158204529115
2013-08-20,0.36454214593817397
2013-08-21,0.2887507863048167
2013-08-22,0.451192936736161
2013-08-23,0.5467036978792236
2013-08-26,0.3850310028756291
2013-08-27,0.27301907350826743
2013-08-28,0.32956562275341483
2013-08-29,0.3504111250898634
2013-08-30,0.3254571800862689
2013-09-03,0.29152812724658517
2013-09-04,0.41212482027318476
2013-09-05,0.409872618619698
2013-09-06,0.3918297313084112
2013-09-09,0.3205792819913731
2013-09-10,0.4458713380661395
2013-09-11,0.5206320767433501
2013-09-12,0.469095412473041
2013-09-13,0.4953916921279655
2013-09-16,0.3339268062544931
2013-09-17,0.2894022960100647
2013-09-18,0.37759480589503946
2013-09-19,0.5496916561826024
2013-09-20,0.5736514872393962
2013-09-23,0.3797065959741194
2013-09-24,0.3948289225377426
2013-09-25,0.37158238227893603
2013-09-26,0.33777408339324233
2013-09-27,0.19963998472322075
2013-09-30,0.1380807422717469
2013-10-01,0.2886244158878505
2013-10-02,0.22614688173975558
2013-10-03,0.16632874281092738
2013-10-04,0.20899982027318473
2013-10-07,0.09769556524083395
2013-10-08,0.08422167056074764
2013-10-09,0.12307074496764916
2013-10-10,0.1820632638389648
2013-10-11,0.18791000179726824
2013-10-14,0.12161046459381741
2013-10-15,0.102051132278936
2013-10-16,0.2522072699496765
2013-10-17,0.4947036754133716
2013-10-18,0.47181939701653486
2013-10-21,0.4589885873472322
2013-10-22,0.4655879313443566
2013-10-23,0.49996630122214236
2013-10-24,0.5349400161754134
2013-10-25,0.5674312544931703
2013-10-28,0.5157906856578002
2013-10-29,0.47785709471603166
2013-10-30,0.4082354196621136
2013-10-31,0.4711257638389648
2013-11-01,0.554645376527678
2013-11-04,0.5723316184399713
2013-11-05,0.5472906182602444
2013-11-06,0.6082938308770669
2013-11-07,0.4523134210999281
2013-11-08,0.5414466885334291
2013-11-11,0.5358330337886412
2013-11-12,0.5108566229331417
2013-11-13,0.5409805221063982
2013-11-14,0.6666236071171818
2013-11-15,0.7451164854421279
2013-11-18,0.6470024937095615
2013-11-19,0.6172970210280374
2013-11-20,0.6159911933860531
2013-11-21,0.6419111700215672
2013-11-22,0.6852449901150253
2013-11-25,0.5800233644859812
2013-11-26,0.604165730589504
2013-11-27,0.6077602668943206
2013-11-29,0.4621253819194824
2013-12-02,0.3073974433860532
2013-12-03,0.25860722951114307
2013-12-04,0.25075822250179725
2013-12-05,0.22677030913012225
2013-12-06,0.3937702192667145
2013-12-09,0.3218598355499641
2013-12-10,0.2780710819554278
2013-12-11,0.20808152857656365
2013-12-12,0.15387142792954708
2013-12-13,0.1721895219266715
2013-12-16,0.14709235711718185
2013-12-17,0.15241395578720343
2013-12-18,0.272258042774982
2013-12-19,0.4989806119698059
2013-12-20,0.4973743035585909
2013-12-23,0.44596962616822433
2013-12-24,0.5734071710999281
2013-12-26,0.5967126842199857
2013-12-27,0.5398656542056075
2013-12-30,0.3881930715312725
2013-12-31,0.32539259076204163
2014-01-02,0.2747180535585909
2014-01-03,0.4130908519051042
2014-01-06,0.42830865833932424
2014-01-07,0.4555176132278936
2014-01-08,0.48493383806613943
2014-01-09,0.49265928289000716
2014-01-10,0.6166146207764198
2014-01-13,0.5102360037742631
2014-01-14,0.5658726860172538
2014-01-15,0.6977640860891445
2014-01-16,0.6717345884255932
2014-01-17,0.6755902902588067
2014-01-21,0.4787810028756291
2014-01-22,0.4764754448238677
2014-01-23,0.28538090851905107
2014-01-24,0.11864778037383178
2014-01-27,0.07713369428468725
2014-01-28,0.11416865115025157
2014-01-29,0.08230926491732568
2014-01-30,0.1357555265995687
2014-01-31,0.10440723849748376
2014-02-03,0.07237655014378139
2014-02-04,0.09230095255212079
2014-02-05,0.08389310747663553
2014-02-06,0.1292797447879223
2014-02-07,0.2747349029475198
2014-02-10,0.3196581820632638
2014-02-11,0.39251213156002884
2014-02-12,0.4424452956506112
2014-02-13,0.42385199496764914
2014-02-14,0.5544600332494608
2014-02-18,0.4376684938892883
2014-02-19,0.38285743170381015
2014-02-20,0.35764512940330695
2014-02-21,0.38294448687994254
2014-02-24,0.30983779654924515
2014-02-25,0.39299795560747663
2014-02-26,0.4218525341480949
2014-02-27,0.43777801491732565
2014-02-28,0.4479185388209921
2014-03-03,0.1963992855859094
2014-03-04,0.41065611520488865
2014-03-05,0.47229398813803014
2014-03-06,0.47502078091301225
2014-03-07,0.5145578720345075
2014-03-10,0.3903385603882099
2014-03-11,0.4108723490294752
2014-03-12,0.3312898768871315
2014-03-13,0.28049739396117895
2014-03-14,0.1173953091301222
2014-03-17,0.1854836897915169
2014-03-18,0.3232976500718908
2014-03-19,0.36538742361610355
2014-03-20,0.28859352534148097
2014-03-21,0.3735060208483106
2014-03-24,0.23256088245866285
2014-03-25,0.338175660496046
2014-03-26,0.3254656047807333
2014-03-27,0.2440212751617541
2014-03-28,0.3002055625449317
2014-03-31,0.31484206506110707
2014-04-01,0.3923717199856218
2014-04-02,0.432515389108555
2014-04-03,0.4210830787203451
2014-04-04,0.40983330337886414
2014-04-07,0.18323710460100642
2014-04-08,0.2063909732207045
2014-04-09,0.3165915932782171
2014-04-10,0.2487278711358735
2014-04-11,0.12171717739036664
2014-04-14,0.16264434309849027
2014-04-15,0.1950176356937455
2014-04-16,0.3073440869877785
2014-04-17,0.46034496315600293
2014-04-21,0.35114126527677936
2014-04-22,0.42157732746225735
2014-04-23,0.4024223804816679
2014-04-24,0.35692341391085547
2014-04-25,0.2885822924155284
2014-04-28,0.24402689162473043
2014-04-29,0.2834713111071172
2014-04-30,0.32388737868439976
2014-05-01,0.4087212437095614
2014-05-02,0.5191324811286844
2014-05-05,0.42224007009345793
2014-05-06,0.409810837526959
2014-05-07,0.3654435882458663
2014-05-08,0.38565443026599566
2014-05-09,0.45337774083393245
2014-05-12,0.5421094311646297
2014-05-13,0.571065106038821
2014-05-14,0.6184680535585909
2014-05-15,0.47004178648454353
2014-05-16,0.4958157350826743
2014-05-19,0.5007189072609634
2014-05-20,0.4921622259166068
2014-05-21,0.5940223984543495
2014-05-22,0.6523353253055355
2014-05-23,0.7206904879583034
2014-05-27,0.6095322609633358
2014-05-28,0.641335482566499
2014-05-29,0.6855033474119339
2014-05-30,0.7434624370956147
2014-06-02,0.7037175368439972
2014-06-03,0.6571570587706685
2014-06-04,0.5423228567577283
2014-06-05,0.5453754043853343
2014-06-06,0.7057843952192666
2014-06-09,0.6314617406542056
2014-06-10,0.6760480319913731
2014-06-11,0.6380414270309129
2014-06-12,0.5217385199496765
2014-06-13,0.500061781092739
2014-06-16,0.3720457404744788
2014-06-17,0.37699665258806614
2014-06-18,0.49725074137311287
2014-06-19,0.6699513614306254
2014-06-20,0.6533856038820993
2014-06-23,0.5964739845434939
2014-06-24,0.5144315016175414
2014-06-25,0.4273959831056794
2014-06-26,0.43588526689432067
2014-06-27,0.47818284956865564
2014-06-30,0.44694689072609634
2014-07-01,0.5519466660675773
2014-07-02,0.6132559759166067
2014-07-03,0.7287725781811647
2014-07-07,0.5634407575485263
2014-07-08,0.4206478028396837
2014-07-09,0.4626589459022286
2014-07-10,0.30091604511143066
2014-07-11,0.39294179097771387
2014-07-14,0.46042640186915884
2014-07-15,0.4498449856218547
2014-07-16,0.5754262895398994
2014-07-17,0.32232881020848314
2014-07-18,0.26302176941049604
2014-07-21,0.22635188263838965
2014-07-22,0.3944104960460101
2014-07-23,0.4871804232566499
2014-07-24,0.5467008896477354
2014-07-25,0.4440263299784328
2014-07-28,0.3348142074047448
2014-07-29,0.3683557242990654
2014-07-30,0.2881105095255212
2014-07-31,0.11637872933141627
2014-08-01,0.08327810478073328
2014-08-04,0.18028284507548525
2014-08-05,0.18749438353702375
2014-08-06,0.17951338964773542
2014-08-07,0.2184972591660676
2014-08-08,0.2118810657800144
2014-08-11,0.28375494248741917
2014-08-12,0.2990289135514018
2014-08-13,0.45035046728971967
2014-08-14,0.4760261277857657
2014-08-15,0.38218345614665705
2014-08-18,0.37248101635514014
2014-08-19,0.49814937544931703
2014-08-20,0.6059208752695903
2014-08-21,0.5322047987059669
2014-08-22,0.6013238003235083
2014-08-25,0.6451153621495327
2014-08-26,0.697775319015097
2014-08-27,0.7233358420201295
2014-08-28,0.6536327282530554
2014-08-29,0.7246135873472321
2014-09-02,0.6613244742990654
2014-09-03,0.7122461358734722
2014-09-04,0.61258761682243
2014-09-05,0.6424671998562186
2014-09-08,0.49615833932422715
2014-09-09,0.39163034687275344
2014-09-10,0.37352848670021566
2014-09-11,0.42471973849748385
2014-09-12,0.42309658069734
2014-09-15,0.2895876392882818
2014-09-16,0.34470760693745506
2014-09-17,0.488646320093458
2014-09-18,0.6329725691948238
2014-09-19,0.7181069149892163
2014-09-22,0.4195947160316319
2014-09-23,0.2682619293673616
2014-09-24,0.3765585684759166
2014-09-25,0.27382784417685124
2014-09-26,0.27196598670021566
2014-09-29,0.1692549200215672
2014-09-30,0.23393691588785043
2014-10-01,0.20448137580877063
2014-10-02,0.2302890231847592
2014-10-03,0.39180445722501794
2014-10-06,0.31396589683680803
2014-10-07,0.21377662203450754
2014-10-08,0.24062612329259525
2014-10-09,0.16996540258806614
2014-10-10,0.09099512491013662
2014-10-13,0.05592031362329261
2014-10-14,0.05335078181164629
2014-10-15,0.02499887670740472
2014-10-16,0.020505706326383932
2014-10-17,0.0637524712437095
2014-10-20,0.12036080158159596
2014-10-21,0.28954270758447165
2014-10-22,0.2777256694823868
2014-10-23,0.35826294033069733
2014-10-24,0.3727758806613947
2014-10-27,0.2832550772825305
2014-10-28,0.40531766714593814
2014-10-29,0.37292471693026596
2014-10-30,0.4977365654205607
2014-10-31,0.4994046549245147
2014-11-03,0.4266602264557873
2014-11-04,0.39536810298346514
2014-11-05,0.5572738812005752
2014-11-06,0.5821716615744069
2014-11-07,0.7135351141265276
2014-11-10,0.7198199361969806
2014-11-11,0.7036585639827462
2014-11-12,0.6058815600287564
2014-11-13,0.6889406227534149
2014-11-14,0.704200552659957
2014-11-17,0.6032277812724658
2014-11-18,0.6999460819554277
2014-11-19,0.6742844626168224
2014-11-20,0.6636974299065421
2014-11-21,0.7965099299065419
2014-11-24,0.7959875988497483
2014-11-25,0.8251005346872753
2014-11-26,0.8243451204169663
2014-11-28,0.690673301581596
2014-12-01,0.4789326473759885
2014-12-02,0.6142809804097772
2014-12-03,0.7119737374191228
2014-12-04,0.7184832180086268
2014-12-05,0.811949586628325
2014-12-08,0.5602899218188354
2014-12-09,0.303628796728972
2014-12-10,0.22437207943925233
2014-12-11,0.17908092199856218
2014-12-12,0.09603870866283248
2014-12-15,0.15600287562904383
2014-12-16,0.16199844985621856
2014-12-17,0.21890164450035945
2014-12-18,0.49229982925952553
2014-12-19,0.5733762805535585
2014-12-22,0.5998242047088426
2014-12-23,0.8029548211718188
2014-12-24,0.850464481488138
2014-12-26,0.7880009884974839
2014-12-29,0.5597226590582315
2014-12-30,0.5637693206326384
2014-12-31,0.3680664764557872
2015-01-02,0.31373562185478077
2015-01-05,0.18961740654205608
2015-01-06,0.19507660855499637
2015-01-07,0.27845580966930267
2015-01-08,0.4148235307332854
2015-01-09,0.4653604645938174
2015-01-12,0.2755773723939612
2015-01-13,0.3028453001437814
2015-01-14,0.1240115025161754
2015-01-15,0.10383997573687992
2015-01-16,0.10402812724658514
2015-01-20,0.11613160496046013
2015-01-21,0.13771848040977716
2015-01-22,0.3257604690869878
2015-01-23,0.42325103342918763
2015-01-26,0.40830843368080516
2015-01-27,0.3038422223220705
2015-01-28,0.20678412562904386
2015-01-29,0.17940948508267435
2015-01-30,0.16787046189791519
2015-02-02,0.1877864396117901
2015-02-03,0.35528621495327106
2015-02-04,0.42158013569374553
2015-02-05,0.5112862823508268
2015-02-06,0.5906918359094178
2015-02-09,0.4178002561107117
2015-02-10,0.5752409462616823
2015-02-11,0.6235734184040259
2015-02-12,0.7584555850107835
2015-02-13,0.8188522196261682
2015-02-17,0.643247888209921
2015-02-18,0.6880054816678649
2015-02-19,0.7280368215312725
2015-02-20,0.7587757234004313
2015-02-23,0.7218306299424875
2015-02-24,0.8153166561826024
2015-02-25,0.836240789000719
2015-02-26,0.8094811511502518
2015-02-27,0.8511749640546369
2015-03-02,0.8456708303378864
2015-03-03,0.7903823687994249
2015-03-04,0.689696037023724
2015-03-05,0.7145208033788641
2015-03-06,0.568054681883537
2015-03-09,0.4455090762041697
2015-03-10,0.3317223445363048
2015-03-11,0.3242103253055355
2015-03-12,0.3928940510424156
2015-03-13,0.4142281856578001
2015-03-16,0.33128706865564345
2015-03-17,0.2850691948238677
2015-03-18,0.4545852803738317
2015-03-19,0.6094030823148814
2015-03-20,0.8342132458662832
2015-03-23,0.8091919033069734
2015-03-24,0.8020000224658519
2015-03-25,0.6086645174335011
2015-03-26,0.3248814926312006
2015-03-27,0.4440066723580158
2015-03-30,0.4875539180445722
2015-03-31,0.46515546369518335
2015-04-01,0.46514984723220704
2015-04-02,0.5713150386412653
2015-04-06,0.46642478432782175
2015-04-07,0.5627723984543493
2015-04-08,0.602438668224299
2015-04-09,0.7029593143421999
2015-04-10,0.8300907620416966
2015-04-13,0.7091037248382458
2015-04-14,0.6497152453271028
2015-04-15,0.7864705023364487
2015-04-16,0.7961392433501078
2015-04-17,0.5994591346153846
2015-04-20,0.6241294482386772
2015-04-21,0.6510968952192667
2015-04-22,0.6596254942487418
2015-04-23,0.700075260603882
2015-04-24,0.7693936466570813
2015-04-27,0.6890108285406182
2015-04-28,0.6507795650611071
2015-04-29,0.5495652857656362
2015-04-30,0.47654003414809487
2015-05-01,0.6146741328181166
2015-05-04,0.6449159777138749
2015-05-05,0.5486329529115744
2015-05-06,0.36931052300503237
2015-05-07,0.3015254313443565
2015-05-08,0.7142961448598131
2015-05-11,0.6061960819554277
2015-05-12,0.4671380751258088
2015-05-13,0.5843592739036665
2015-05-14,0.7233105679367361
2015-05-15,0.803426604061826
2015-05-18,0.7477506065780014
2015-05-19,0.7339312994248741
2015-05-20,0.7367788461538463
2015-05-21,0.7687533698777858
2015-05-22,0.8058613407620417
2015-05-26,0.4625634660316319
2015-05-27,0.49039584831056793
2015-05-28,0.5081438713156002
2015-05-29,0.4370759570452912
2015-06-01,0.3674683231488138
2015-06-02,0.35749629313443565
2015-06-03,0.4938640141984184
2015-06-04,0.3325900880661395
2015-06-05,0.36217761502516177
2015-06-08,0.2795454034867002
2015-06-09,0.3207898993529835
2015-06-10,0.4472052480230051
2015-06-11,0.5625982881020848
2015-06-12,0.4548885693745507
2015-06-15,0.2175958168583753
2015-06-16,0.2314319734004313
2015-06-17,0.29770062005751263
2015-06-18,0.4779497663551402
2015-06-19,0.4930159282890007
2015-06-22,0.48163697429906543
2015-06-23,0.5785097277138749
2015-06-24,0.4623107251976995
2015-06-25,0.34909968098490296
2015-06-26,0.26224388928828185
2015-06-29,0.08820374281092738
2015-06-30,0.07874000269590223
2015-07-01,0.14653071081955432
2015-07-02,0.1805299694464414
2015-07-06,0.16543572519769956
2015-07-07,0.20914304007907986
2015-07-08,0.12785597142343633
2015-07-09,0.11380077282530557
2015-07-10,0.17867653666427027
2015-07-13,0.36881346603163195
2015-07-14,0.5392450350467289
2015-07-15,0.5921914315240835
2015-07-16,0.775024150790798
2015-07-17,0.8238143646657081
2015-07-20,0.7346979466211359
2015-07-21,0.6662023723939612
2015-07-22,0.6529306703810209
2015-07-23,0.6415713740115024
2015-07-24,0.49046043763479513
2015-07-27,0.20767714324227174
2015-07-28,0.32899274352983465
2015-07-29,0.5040747438892883
2015-07-30,0.6124640546369519
2015-07-31,0.7510558950395398
2015-08-03,0.5533957135154566
2015-08-04,0.5579366238317758
2015-08-05,0.7013614306254492
2015-08-06,0.5347097411933861
2015-08-07,0.434731083752696
2015-08-10,0.6085549964054637
2015-08-11,0.4592834516534867
2015-08-12,0.332376662473041
2015-08-13,0.444071261682243
2015-08-14,0.5783945902228612
2015-08-17,0.529357251976995
2015-08-18,0.5951878145219266
2015-08-19,0.384298054457225
2015-08-20,0.14940633986340765
2015-08-21,0.023839077102803696
2015-08-24,0.005723175772825245
2015-08-25,0.01196025790797986
2015-08-26,0.012288820992091998
2015-08-27,0.03242384076204166
2015-08-28,0.055535585909417706
2015-08-31,0.07947856757728253
2015-09-01,0.08872045740474477
2015-09-02,0.18854747034507546
2015-09-03,0.22664674694464415
2015-09-04,0.16012535945363046
2015-09-08,0.16197036754133717
2015-09-09,0.1412512356218548
2015-09-10,0.10791752785765635
2015-09-11,0.14494686826024444
2015-09-14,0.0953057602444285
2015-09-15,0.11537338245866285
2015-09-16,0.08735284867002155
2015-09-17,0.12259896207764195
2015-09-18,0.14841503414809493
2015-09-21,0.19607633896477356
2015-09-22,0.12036080158159598
2015-09-23,0.1517568296189792
2015-09-24,0.11515434040258807
2015-09-25,0.1756099478792236
2015-09-28,0.06860228702372398
2015-09-29,0.05654654924514735
2015-09-30,0.08947587167505389
2015-10-01,0.19166460729690873
2015-10-02,0.26781261232925957
2015-10-05,0.2783771791876348
2015-10-06,0.33199755122214236
2015-10-07,0.45659316588785037
2015-10-08,0.524007570992092
2015-10-09,0.5597900566139469
2015-10-12,0.5642326788281812
2015-10-13,0.5301941049604602
2015-10-14,0.4788315510424155
2015-10-15,0.5984004313443565
2015-10-16,0.7322154699856218
2015-10-19,0.6357611430625449
2015-10-20,0.5678215986700216
2015-10-21,0.5580180625449317
2015-10-22,0.627662203450755
2015-10-23,0.684489575844716
2015-10-26,0.5588408743709561
2015-10-27,0.48923885693745506
2015-10-28,0.5529098894680087
2015-10-29,0.5501044662113588
2015-10-30,0.6545566364126527
2015-11-02,0.5994787922358016
2015-11-03,0.6623663281811647
2015-11-04,0.5999758492092021
2015-11-05,0.5635137715672178
2015-11-06,0.6861408159597412
2015-11-09,0.4467418898274622
2015-11-10,0.4601062634795111
2015-11-11,0.5458078720345075
2015-11-12,0.34103724838245864
2015-11-13,0.24183366283249466
2015-11-16,0.28504111250898634
2015-11-17,0.40577260064701653
2015-11-18,0.513162180984903
2015-11-19,0.6577215132997842
2015-11-20,0.7922891579798707
2015-11-23,0.6676626527677929
2015-11-24,0.5348613856937455
2015-11-25,0.6325232521567218
2015-11-27,0.5839127650970525
2015-11-30,0.48829248292595256
2015-12-01,0.5812196710999281
2015-12-02,0.5290792370596693
2015-12-03,0.3771230230050324
2015-12-04,0.5429041606757729
2015-12-07,0.4617827776779295
2015-12-08,0.3174284462616822
2015-12-09,0.2507638389647735
2015-12-10,0.18832562005751258
2015-12-11,0.08770387760603884
2015-12-14,0.06606083752695904
2015-12-15,0.1250561646297628
2015-12-16,0.21668875808770668
2015-12-17,0.38224804547088426
2015-12-18,0.27019960909417684
2015-12-21,0.38972636592379584
2015-12-22,0.624267051581596
2015-12-23,0.7413029070812365
2015-12-24,0.827088762580877
2015-12-28,0.5201153621495327
2015-12-29,0.6158985217469446
2015-12-30,0.5266445003594536
2015-12-31,0.3654435882458663
2016-01-04,0.11924874191229332
2016-01-05,0.18551458033788643
2016-01-06,0.17402891355140182
2016-01-07,0.09584494069015101
2016-01-08,0.1148426267074047
2016-01-11,0.12153183411214952
2016-01-12,0.19243967918763477
2016-01-13,0.1493249011502516
2016-01-14,0.1107875404385334
2016-01-15,0.055628257548526294
2016-01-19,0.06823160046728971
2016-01-20,0.058843682602444325
2016-01-21,0.0705427749820273
2016-01-22,0.21489148993529833
2016-01-25,0.1751774802300503
2016-01-26,0.13235475826743354
2016-01-27,0.15625
2016-01-28,0.18015085819554277
2016-01-29,0.3317953585549964
2016-02-01,0.2587027093817398
2016-02-02,0.21780643421998558
2016-02-03,0.21078304726815242
2016-02-04,0.21533238227893603
2016-02-05,0.23430760244428467
2016-02-08,0.12318869069015095
2016-02-09,0.10819554277498203
2016-02-10,0.17822160316319197
2016-02-11,0.13316633716750537
2016-02-12,0.27175536933860533
2016-02-16,0.26814960010783606
2016-02-17,0.3671846917685119
2016-02-18,0.40977433051761325
2016-02-19,0.4184068341121495
2016-02-22,0.42205753504672894
2016-02-23,0.3417027992451474
2016-02-24,0.24931198328540619
2016-02-25,0.35839773544212794
2016-02-26,0.4247590537383178
2016-02-29,0.33251707404744785
2016-03-01,0.42943475916606755
2016-03-02,0.5603517029115744
2016-03-03,0.592753077821711
2016-03-04,0.5780182872034507
2016-03-07,0.40437129313443565
2016-03-08,0.3428204753774263
2016-03-09,0.35383997573688
2016-03-10,0.43421998562185476
2016-03-11,0.5962746001078361
2016-03-14,0.5144343098490295
2016-03-15,0.47546728971962626
2016-03-16,0.6182827102803738
2016-03-17,0.7693122079439252
2016-03-18,0.8386614845434939
2016-03-21,0.7778773139827462
2016-03-22,0.7739514063623293
2016-03-23,0.7771921054996406
2016-03-24,0.744445318116463
2016-03-28,0.6874943835370237
2016-03-29,0.7406879043853343
2016-03-30,0.8480718682602444
2016-03-31,0.8229381964414091
2016-04-01,0.8000202192667146
2016-04-04,0.7924351860172538
2016-04-05,0.6771488587347232
2016-04-06,0.7288343592739037
2016-04-07,0.6390945138389648
2016-04-08,0.7355713066139468
2016-04-11,0.6454326923076923
2016-04-12,0.6582298031991374
2016-04-13,0.7823002785765636
2016-04-14,0.8328961852983465
2016-04-15,0.8301665842918763
2016-04-18,0.6861351994967649
2016-04-19,0.7074187859453631
2016-04-20,0.7325777318475917
2016-04-21,0.7415387985262402
2016-04-22,0.801491732566499
2016-04-25,0.6858206775700935
2016-04-26,0.6941583168583753
2016-04-27,0.7021533519051042
2016-04-28,0.6586763120057513
2016-04-29,0.5577484723220705
2016-05-02,0.6020427075844716
2016-05-03,0.6115598040977714
2016-05-04,0.5907171099928109
2016-05-05,0.6234189656721782
2016-05-06,0.7049840492451473
2016-05-09,0.71968514108555
2016-05-10,0.7999163147016535
2016-05-11,0.7903570947160317
2016-05-12,0.7499045201294033
2016-05-13,0.7341475332494609
2016-05-16,0.6410771252695903
2016-05-17,0.6665281272465851
2016-05-18,0.5851764692667146
2016-05-19,0.5263103208123652
2016-05-20,0.7123107251976994
2016-05-23,0.6562359588425593
2016-05-24,0.7270146252695902
2016-05-25,0.8387541561826025
2016-05-26,0.8775105589503953
2016-05-27,0.9097406317397556
2016-05-31,0.7835836403666427
2016-06-01,0.7513114441049604
2016-06-02,0.7886103747304097
2016-06-03,0.8765950754852624
2016-06-06,0.837341615744069
2016-06-07,0.8560528621495328
2016-06-08,0.8404053962976277
2016-06-09,0.8166646072969086
2016-06-10,0.5928822564701653
2016-06-13,0.20143444464414093
2016-06-14,0.14284350287562908
2016-06-15,0.19072104151689429
2016-06-16,0.1595946037023724
2016-06-17,0.20332157620416963
2016-06-20,0.21821081955427757
2016-06-21,0.1851382773184759
2016-06-22,0.10893410765636236
2016-06-23,0.10580573777857652
2016-06-24,0.046464998202731866
2016-06-27,0.0710735307332854
2016-06-28,0.19916258537023723
2016-06-29,0.40165854151689434
2016-06-30,0.5941375359453631
2016-07-01,0.7450069644140906
2016-07-05,0.6196643601725378
2016-07-06,0.6399622573687994
2016-07-07,0.7349675368439972
2016-07-08,0.8245136143062546
2016-07-11,0.7711235172537743
2016-07-12,0.7663888389647735
2016-07-13,0.7822862374191231
2016-07-14,0.8298801446800863
2016-07-15,0.9014816229331417
2016-07-18,0.8431939701653487
2016-07-19,0.8440111655283968
2016-07-20,0.8771567217828901
2016-07-21,0.8538455921998561
2016-07-22,0.8968452327462257
2016-07-25,0.7800312275341481
2016-07-26,0.784892276240115
2016-07-27,0.8168892658159598
2016-07-28,0.8149993260244429
2016-07-29,0.8959859139108556
2016-08-01,0.836021746944644
2016-08-02,0.7768410765636232
2016-08-03,0.7945469760963336
2016-08-04,0.8783558366283251
2016-08-05,0.9436556434219986
2016-08-08,0.8873955337886412
2016-08-09,0.8949609094176851
2016-08-10,0.8640703630481668
2016-08-11,0.9131414000718907
2016-08-12,0.9246495327102804
2016-08-15,0.9178676536664271
2016-08-16,0.9002319599209202
2016-08-17,0.8315454259525522
2016-08-18,0.8946800862688713
2016-08-19,0.9214902722861251
2016-08-22,0.8166561826024443
2016-08-23,0.8553002561107117
2016-08-24,0.7120018197340043
2016-08-25,0.655519859813084
2016-08-26,0.7161158788641264
2016-08-29,0.7208337077641984
2016-08-30,0.8422391714593818
2016-08-31,0.7960886951833214
2016-09-01,0.7624825889647735
2016-09-02,0.886738407620417
2016-09-06,0.9184349164270309
2016-09-07,0.935506155643422
2016-09-08,0.8859914180445723
2016-09-09,0.48389198418404034
2016-09-12,0.23696138120057514
2016-09-13,0.24942431254493175
2016-09-14,0.22821374011502513
2016-09-15,0.2927974478792236
2016-09-16,0.4315858644859813
2016-09-19,0.43268107476635514
2016-09-20,0.402975602084831
2016-09-21,0.5719637401150252
2016-09-22,0.848875022465852
2016-09-23,0.8434495192307692
2016-09-26,0.5777655463695183
2016-09-27,0.6434809714234364
2016-09-28,0.7651279430265997
2016-09-29,0.6376763569374551
2016-09-30,0.6375050548166786
2016-10-03,0.6406586987778576
2016-10-04,0.6734504178648455
2016-10-05,0.745256897016535
2016-10-06,0.7721794122933141
2016-10-07,0.7805002021926672
2016-10-10,0.7637940330697339
2016-10-11,0.6146488587347232
2016-10-12,0.49504627965492454
2016-10-13,0.4214593817397556
2016-10-14,0.5424211448598131
2016-10-17,0.44793257997843283
2016-10-18,0.5842329034867002
2016-10-19,0.6341716840402588
2016-10-20,0.7499522600647016
2016-10-21,0.7946340312724659
2016-10-24,0.8050244877785765
2016-10-25,0.7388007728253054
2016-10-26,0.6245787652767792
2016-10-27,0.5246562724658519
2016-10-28,0.3242103253055356
2016-10-31,0.16206303918044573
2016-11-01,0.12803289000718907
2016-11-02,0.06999797807332855
2016-11-03,0.04771185298346517
2016-11-04,0.04750685208483105
2016-11-07,0.05388153756290437
2016-11-08,0.05363160496046013
2016-11-09,0.25171302120776423
2016-11-10,0.43605937724658517
2016-11-11,0.5489025431344356
2016-11-14,0.6048284732207045
2016-11-15,0.7607246360531992
2016-11-16,0.8073356622933141
2016-11-17,0.8405121090941768
2016-11-18,0.8469906991373114
2016-11-21,0.8679709965851905
2016-11-22,0.8916163057153128
2016-11-23,0.8985020893242273
2016-11-25,0.8764715132997843
2016-11-28,0.6973400431344356
2016-11-29,0.6817066184399713
2016-11-30,0.6822963470524803
2016-12-01,0.582865294751977
2016-12-02,0.6225736879942487
2016-12-05,0.7456107341840402
2016-12-06,0.8619922717469446
2016-12-07,0.8301497349029476
2016-12-08,0.7445688803019409
2016-12-09,0.7648555445722502
2016-12-12,0.7252426312005751
2016-12-13,0.707458101186197
2016-12-14,0.6859835549964054
2016-12-15,0.7245995461897914
2016-12-16,0.8231347726455787
2016-12-19,0.8706612823508267
2016-12-20,0.9273005032350827
2016-12-21,0.9436809175053918
2016-12-22,0.9534030149173257
2016-12-23,0.9621366148454349
2016-12-27,0.9149302435298347
2016-12-28,0.8710656676851186
2016-12-29,0.7930192981667865
2016-12-30,0.7146499820273184
2017-01-03,0.6401391759525521
2017-01-04,0.7988688443565779
2017-01-05,0.8594704798705967
2017-01-06,0.916483195542775
2017-01-09,0.893290011682243
2017-01-10,0.9369692442487418
2017-01-11,0.9312011367721065
2017-01-12,0.9007823732925951
2017-01-13,0.9488817622214235
2017-01-17,0.8154823418404027
2017-01-18,0.78218514108555
2017-01-19,0.7204742541337168
2017-01-20,0.8148869967649174
2017-01-23,0.7354252785765636
2017-01-24,0.7986778846153846
2017-01-25,0.8003403576563624
2017-01-26,0.8057742855859094
2017-01-27,0.8569234139108556
2017-01-30,0.6712599973040978
2017-01-31,0.6067436870956147
2017-02-01,0.6666179906542057
2017-02-02,0.6442195363048167
2017-02-03,0.8614278172178289
2017-02-06,0.8001887131560028
2017-02-07,0.8745057512580877
2017-02-08,0.891416921279655
2017-02-09,0.9227652093817398
2017-02-10,0.9272134480589505
2017-02-13,0.8558113542415529
2017-02-14,0.856120259705248
2017-02-15,0.7307804636951833
2017-02-16,0.6372495057512582
2017-02-17,0.7527296010064701
2017-02-21,0.692198171279655
2017-02-22,0.7726146881739755
2017-02-23,0.7937241642703092
2017-02-24,0.8478696755930984
2017-02-27,0.8128257548526241
2017-02-28,0.709246944644141
2017-03-01,0.7375820003594535
2017-03-02,0.8205877066858375
2017-03-03,0.9041606757728253
2017-03-06,0.8547610756649893
2017-03-07,0.8573839638749101
2017-03-08,0.7870293404025881
2017-03-09,0.7017321171818836
2017-03-10,0.744689634255931
2017-03-13,0.7043213066139468
2017-03-14,0.6493108599928109
2017-03-15,0.6775251617541337
2017-03-16,0.8071194284687275
2017-03-17,0.8236992271746945
2017-03-20,0.7466188892882818
2017-03-21,0.6100770578720346
2017-03-22,0.40474759615384615
2017-03-23,0.3784232341840402
2017-03-24,0.34212965043134436
2017-03-27,0.3268247888209921
2017-03-28,0.5781109588425593
2017-03-29,0.662453383357297
2017-03-30,0.7190532890007189
2017-03-31,0.632790034148095
2017-04-03,0.5011289090582315
2017-04-04,0.568644410496046
2017-04-05,0.5595429322429907
2017-04-06,0.5184191903306974
2017-04-07,0.49611621585190513
2017-04-10,0.49091256290438534
2017-04-11,0.4244361071171819
2017-04-12,0.39862284327821706
2017-04-13,0.36272522016534864
2017-04-17,0.2611346378504673
2017-04-18,0.19678962976276063
2017-04-19,0.1796790753055356
2017-04-20,0.14170897735442126
2017-04-21,0.12241361879942483
2017-04-24,0.5676418718547808
2017-04-25,0.6507430580517614
2017-04-26,0.7030800682961897
2017-04-27,0.7225691948238677
2017-04-28,0.7457960774622574
2017-05-01,0.6497264782530554
2017-05-02,0.6579293224299065
2017-05-03,0.5970440555355859
2017-05-04,0.5682681074766355
2017-05-05,0.5731684714234364
2017-05-08,0.7520191184399712
2017-05-09,0.7789135514018692
2017-05-10,0.7915983330337887
2017-05-11,0.6940937275341481
2017-05-12,0.7501376033429188
2017-05-15,0.7665152093817398
2017-05-16,0.8123623966570812
2017-05-17,0.2924071037023724
2017-05-18,0.14573036484543495
2017-05-19,0.4356858824586629
2017-05-22,0.6346603163191948
2017-05-23,0.7722861250898634
2017-05-24,0.8274454079798707
2017-05-25,0.8765585684759166
2017-05-26,0.8839666831416246
2017-05-30,0.8088549155283968
2017-05-31,0.8152885738677211
2017-06-01,0.8469373427390365
2017-06-02,0.8584089683680804
2017-06-05,0.7459140231847592
2017-06-06,0.7001791651689433
2017-06-07,0.6922964593817398
2017-06-08,0.7407777677929547
2017-06-09,0.6936668763479511
2017-06-12,0.49490025161754136
2017-06-13,0.7024566409058232
2017-06-14,0.7449592244787923
2017-06-15,0.6039916202372394
2017-06-16,0.7846900835729691
2017-06-19,0.8063246989575845
2017-06-20,0.7424935972322071
2017-06-21,0.6850090986700216
2017-06-22,0.7191066453989936
2017-06-23,0.8108993080517615
2017-06-26,0.8079141579798705
2017-06-27,0.6833016939252335
2017-06-28,0.7313533429187634
2017-06-29,0.5514692667145938
2017-06-30,0.6111947340043135
2017-07-03,0.6807096962616822
2017-07-05,0.6757138524442847
2017-07-06,0.5478073328540618
2017-07-07,0.6613806389288281
2017-07-10,0.6877443161394681
2017-07-11,0.6921953630481668
2017-07-12,0.8252100557153127
2017-07-13,0.8681647645578721
2017-07-14,0.8918606218547808
2017-07-17,0.828307535046729
2017-07-18,0.7960241058590942
2017-07-19,0.8395629268511862
2017-07-20,0.8395067622214234
2017-07-21,0.8990047627606038
2017-07-24,0.8654688623292595
2017-07-25,0.8814982476635513
2017-07-26,0.8594676716391085
2017-07-27,0.723734610891445
2017-07-28,0.6841048481308412
2017-07-31,0.6785361250898634
2017-08-01,0.71980589503954
2017-08-02,0.754698171279655
2017-08-03,0.7599636053199137
2017-08-04,0.8240081326383898
2017-08-07,0.8155469311646297
2017-08-08,0.7049980904025881
2017-08-09,0.5085229825664989
2017-08-10,0.29801233375269587
2017-08-11,0.19144837347232205
2017-08-14,0.434427794751977
2017-08-15,0.579040483465133
2017-08-16,0.6311247528756291
2017-08-17,0.39993709561466567
2017-08-18,0.2985009660316319
2017-08-21,0.35906328630481676
2017-08-22,0.6056203945003594
2017-08-23,0.6281171369518332
2017-08-24,0.6368029969446442
2017-08-25,0.7693796054996406
2017-08-28,0.7660995911214954
2017-08-29,0.6160389333213515
2017-08-30,0.8273190375629044
2017-08-31,0.9051856802659957
2017-09-01,0.9428272151329979
2017-09-05,0.6276453540618261
2017-09-06,0.741923526240115
2017-09-07,0.8016658429187635
2017-09-08,0.7080787203450756
2017-09-11,0.8736745147375988
2017-09-12,0.8814645488856937
2017-09-13,0.8478022780373832
2017-09-14,0.82112688713156
2017-09-15,0.8758733599928109
2017-09-18,0.829894185837527
2017-09-19,0.8345867406542056
2017-09-20,0.7930979286484543
2017-09-21,0.8438061646297628
2017-09-22,0.8985077057872035
2017-09-25,0.8149993260244428
2017-09-26,0.8205792819913731
2017-09-27,0.8385575799784328
2017-09-28,0.8507172223220705
2017-09-29,0.908446037023724
2017-10-02,0.8538147016534867
2017-10-03,0.8894315016175414
2017-10-04,0.8843654520129403
2017-10-05,0.9023100512221424
2017-10-06,0.8967946845794392
2017-10-09,0.810424716930266
2017-10-10,0.8069397016534868
2017-10-11,0.8581253369877785
2017-10-12,0.8431939701653486
2017-10-13,0.8741687634795112
2017-10-16,0.8145865159956865
2017-10-17,0.7872343413012222
2017-10-18,0.7872792730050323
2017-10-19,0.6814117541337168
2017-10-20,0.7941819060028756
2017-10-23,0.621074092379583
2017-10-24,0.5808237104601006
2017-10-25,0.463846827821711
2017-10-26,0.5576108689791517
2017-10-27,0.7212240519410497
2017-10-30,0.6997101905104242
2017-10-31,0.7424121585190511
2017-11-01,0.8035333168583753
2017-11-02,0.7975742496405464
2017-11-03,0.9096002201653487
2017-11-06,0.8765108285406182
2017-11-07,0.8726438937814521
2017-11-08,0.8829529115744069
2017-11-09,0.7220103567577282
2017-11-10,0.7367591885334293
2017-11-13,0.7232965267792955
2017-11-14,0.7321901959022286
2017-11-15,0.5513625539180446
2017-11-16,0.7746562724658519
2017-11-17,0.8548368979151688
2017-11-20,0.8195795515815959
2017-11-21,0.896179681883537
2017-11-22,0.9242619967649174
2017-11-24,0.8953652947519769
2017-11-27,0.8210959965851905
2017-11-28,0.7839459022286126
2017-11-29,0.7076715267792955
2017-11-30,0.5262007997843279
2017-12-01,0.42234678289000716
2017-12-04,0.499938218907261
2017-12-05,0.5715818206326384
2017-12-06,0.5942049335010784
2017-12-07,0.6946918808411214
2017-12-08,0.8126909597411933
2017-12-11,0.7901071621135873
2017-12-12,0.7685371360531992
2017-12-13,0.7939347816319194
2017-12-14,0.7656586987778576
2017-12-15,0.8278469850826744
2017-12-18,0.8414472501797268
2017-12-19,0.840596356038821
2017-12-20,0.8473585774622574
2017-12-21,0.9037815645219267
2017-12-22,0.9233212392163912
2017-12-26,0.8448732925952551
2017-12-27,0.7872062589863407
2017-12-28,0.7900509974838246
2017-12-29,0.7331084875988497
2018-01-02,0.7567509884974838
2018-01-03,0.9024785451114308
2018-01-04,0.8989710639827462
2018-01-05,0.9061376707404745
2018-01-08,0.8674205832135153
2018-01-09,0.8728517029115745
2018-01-10,0.8447384974838246
2018-01-11,0.8778615878864127
2018-01-12,0.8125982881020848
2018-01-16,0.5077394859813085
2018-01-17,0.4541977444284687
2018-01-18,0.39526700664989217
2018-01-19,0.4908198912652768
2018-01-22,0.5249651779295471
2018-01-23,0.5674368709561467
2018-01-24,0.5566307961897915
2018-01-25,0.55859375
2018-01-26,0.6354718952192666
2018-01-29,0.3665219491373113
2018-01-30,0.21784294122933145
2018-01-31,0.29458909956865564
2018-02-01,0.3471844671099929
2018-02-02,0.18919898005032354
2018-02-05,0.037745439432063294
2018-02-06,0.010143332135154587
2018-02-07,0.025787989755571505
2018-02-08,0.025897510783608885
2018-02-09,0.024260311826024422
2018-02-12,0.04344614935298344
2018-02-13,0.06447418673616107
2018-02-14,0.1634137985262401
2018-02-15,0.18197901689432064
2018-02-16,0.17354870596693026
2018-02-20,0.09169718278217112
2018-02-21,0.19001336718188355
2018-02-22,0.1728775386412653
2018-02-23,0.27729039360172536
2018-02-26,0.2393736520488857
2018-02-27,0.24819430715312724
2018-02-28,0.24393141175413374
2018-03-01,0.09732207045291158
2018-03-02,0.12230128953989933
2018-03-05,0.16483476365923797
2018-03-06,0.24221277408339323
2018-03-07,0.24056715043134438
2018-03-08,0.3524639423076923
2018-03-09,0.47616373112868443
2018-03-12,0.3657244113946801
2018-03-13,0.3899510244428469
2018-03-14,0.3372349029475198
2018-03-15,0.3285883581955428
2018-03-16,0.43377628504672894
2018-03-19,0.1699569778936017
2018-03-20,0.11816195632638388
2018-03-21,0.18568026599568654
2018-03-22,0.11170302390366646
2018-03-23,0.048624528217110025
2018-03-26,0.0661703585549964
2018-03-27,0.11346097681524081
2018-03-28,0.07624348490294752
2018-03-29,0.12400307782171102
2018-04-02,0.06017759255930988
2018-04-03,0.062384862508986394
2018-04-04,0.08726298526240117
2018-04-05,0.1313213290797987
2018-04-06,0.09783036035226456
2018-04-09,0.07720670830337878
2018-04-10,0.10102331955427749
2018-04-11,0.16562387670740475
2018-04-12,0.2153660810567937
2018-04-13,0.27347119877785764
2018-04-16,0.23714672447879226
2018-04-17,0.3125645893242272
2018-04-18,0.3075322384974838
2018-04-19,0.29256155643422
2018-04-20,0.2855943341121495
2018-04-23,0.2145123786843997
2018-04-24,0.18284676042415524
2018-04-25,0.11412091121495324
2018-04-26,0.19489688173975556
2018-04-27,0.32846479601006473
2018-04-30,0.2850691948238677
2018-05-01,0.25971086448598124
2018-05-02,0.2782816993170381
2018-05-03,0.22900566139468004
2018-05-04,0.400734633357297
2018-05-07,0.35877684669302656
2018-05-08,0.41561545201294037
2018-05-09,0.5356533069734004
2018-05-10,0.5887597726455787
2018-05-11,0.598448171279655
2018-05-14,0.4951192936736161
2018-05-15,0.394550907620417
2018-05-16,0.4183253953989935
2018-05-17,0.5173829529115744
2018-05-18,0.5631150026959022
2018-05-21,0.5250016849388929
2018-05-22,0.5978893332135155
2018-05-23,0.6070497843278218
2018-05-24,0.6297065959741193
2018-05-25,0.6104365115025161
2018-05-29,0.20325417864845435
2018-05-30,0.3066083303378865
2018-05-31,0.36209617631200575
2018-06-01,0.5122747798346513
2018-06-04,0.49379942487419126
2018-06-05,0.5816493305176133
2018-06-06,0.6529475197699497
2018-06-07,0.5724355230050324
2018-06-08,0.5474282216031632
2018-06-11,0.5005616462976277
2018-06-12,0.5605370461897915
2018-06-13,0.5751510828540618
2018-06-14,0.5039596063982745
2018-06-15,0.6659664809489576
2018-06-18,0.5185596019051042
2018-06-19,0.37371944644140903
2018-06-20,0.5777908204529116
2018-06-21,0.422037877426312
2018-06-22,0.48172683770668584
2018-06-25,0.225910990294752
2018-06-26,0.25969963156002873
2018-06-27,0.263325058411215
2018-06-28,0.21509929906542055
2018-06-29,0.36790640726096335
2018-07-02,0.2723366732566499
2018-07-03,0.3748595884255931
2018-07-05,0.36953798975557156
2018-07-06,0.5419662113587347
2018-07-09,0.643087819015097
2018-07-10,0.6905974793314162
2018-07-11,0.5209831056793673
2018-07-12,0.643980836628325
2018-07-13,0.7422464728612508
2018-07-16,0.6078248562185478
2018-07-17,0.6255869203810209
2018-07-18,0.7405109858015816
2018-07-19,0.6930265995686556
2018-07-20,0.6299031721782891
2018-07-23,0.579385895938174
2018-07-24,0.652017995147376
2018-07-25,0.6525290932782171
2018-07-26,0.6396870506829619
2018-07-27,0.5554035990294752
2018-07-30,0.40047627606038827
2018-07-31,0.4973883447160316
2018-08-01,0.5459286259884975
2018-08-02,0.5788298661035227
2018-08-03,0.7927721737958302
2018-08-06,0.7937522465851905
2018-08-07,0.861045897735442
2018-08-08,0.8842418898274623
2018-08-09,0.8746602039899353
2018-08-10,0.5311797942127965
2018-08-13,0.3050469536304817
2018-08-14,0.44414146746944644
2018-08-15,0.32977624011502515
2018-08-16,0.4636418269230769
2018-08-17,0.552022488317757
2018-08-20,0.6092570542774982
2018-08-21,0.6687129313443566
2018-08-22,0.6702658833572969
2018-08-23,0.7502415079079798
2018-08-24,0.7959932153127247
2018-08-27,0.7236026240115024
2018-08-28,0.7902812724658519
2018-08-29,0.8107280059309849
2018-08-30,0.7094013973759885
2018-08-31,0.6394343098490295
2018-09-04,0.5373607117181883
2018-09-05,0.547709044751977
2018-09-06,0.44811230679367364
2018-09-07,0.42975208932422715
2018-09-10,0.4746163955787204
2018-09-11,0.5854572924155284
2018-09-12,0.6809259300862689
2018-09-13,0.7144927210639828
2018-09-14,0.7302384750179727
2018-09-17,0.47605982656362333
2018-09-18,0.5125584112149533
2018-09-19,0.6173616103522646
2018-09-20,0.6973203855140186
2018-09-21,0.7223164539899353
2018-09-24,0.5902144365564341
2018-09-25,0.6156879043853343
2018-09-26,0.5864907216031632
2018-09-27,0.5717615474478792
2018-09-28,0.5903773139827462
2018-10-01,0.6683338200934579
2018-10-02,0.6768427615025161
2018-10-03,0.7466750539180447
2018-10-04,0.41100433590941776
2018-10-05,0.32210415168943207
2018-10-08,0.20848872214234357
2018-10-09,0.2723507144140906
2018-10-10,0.15197867990654204
2018-10-11,0.03576282800143779
2018-10-12,0.0447632099209202
2018-10-15,0.052322969086987775
2018-10-16,0.1272044617181883
2018-10-17,0.16115036394680088
2018-10-18,0.10858027048885693
2018-10-19,0.10156811646297623
2018-10-22,0.10156530823148813
2018-10-23,0.05224714683680809
2018-10-24,0.037992563803019436
2018-10-25,0.027574024982027323
2018-10-26,0.025167370596693023
2018-10-29,0.025369563263838962
2018-10-30,0.030132323867721078
2018-10-31,0.052980095255212106
2018-11-01,0.0980185118619698
2018-11-02,0.1245366418044572
2018-11-05,0.08793134435657801
2018-11-06,0.08209583932422723
2018-11-07,0.2525498741912293
2018-11-08,0.2942324541696621
2018-11-09,0.30251954529115743
2018-11-12,0.19215604780733286
2018-11-13,0.16389681434219988
2018-11-14,0.1675868305176133
2018-11-15,0.1501280553558591
2018-11-16,0.2520949406901509
2018-11-19,0.1674295695542775
2018-11-20,0.10797369248741912
2018-11-21,0.1664270309130122
2018-11-23,0.14147308590941765
2018-11-26,0.15137210190510422
2018-11-27,0.13451428828181167
2018-11-28,0.11761435118619698
2018-11-29,0.09379493170381023
2018-11-30,0.10385120866283243
2018-12-03,0.22240912562904389
2018-12-04,0.14212740384615383
2018-12-06,0.040357094716031605
2018-12-07,0.056164629762760626
2018-12-10,0.04443745506829616
2018-12-11,0.07363463785046728
2018-12-12,0.10709752426312011
2018-12-13,0.16496113407620416
2018-12-14,0.1502600422358016
2018-12-17,0.07342963695183319
2018-12-18,0.051326046908698825
2018-12-19,0.06622371495327098
2018-12-20,0.056400521207764176
2018-12-21,0.04192970434938892
2018-12-24,0.015692397555715276
2018-12-26,0.018680355859094167
2018-12-27,0.018837616822429903
2018-12-28,0.027265119518332104
2018-12-31,0.032241305715312696
2019-01-02,0.0834887221423436
2019-01-03,0.07212100107836089
2019-01-04,0.14401453540618256
2019-01-07,0.12195587706685837
2019-01-08,0.16207427210639824
2019-01-09,0.21323182512580877
2019-01-10,0.2421341436017254
2019-01-11,0.35205113227893603
2019-01-14,0.2696183051761323
2019-01-15,0.30744799155283975
2019-01-16,0.3180518736520489
2019-01-17,0.33850984004313445
2019-01-18,0.3790944015097053
2019-01-22,0.13865923795830337
2019-01-23,0.13915629493170384
2019-01-24,0.19597805086268869
2019-01-25,0.2825614441049604
2019-01-28,0.1313241373112868
2019-01-29,0.13124831506110715
2019-01-30,0.18017051581595975
2019-01-31,0.28654070812365207
2019-02-01,0.4032255346872753
2019-02-04,0.3720316993170381
2019-02-05,0.43395320363048173
2019-02-06,0.4688735621854781
2019-02-07,0.3712285451114306
2019-02-08,0.35973164539899355
2019-02-11,0.34357027318475913
2019-02-12,0.4210999281092739
2019-02-13,0.4341778621495327
2019-02-14,0.37751898364485975
2019-02-15,0.45792707584471604
2019-02-19,0.3695155239036665
2019-02-20,0.44883402228612507
2019-02-21,0.43299559669302656
2019-02-22,0.514973490294752
2019-02-25,0.38215537383177567
2019-02-26,0.32690903576563624
2019-02-27,0.34027060118619695
2019-02-28,0.4145005841121495
2019-03-01,0.5219042056074766
2019-03-04,0.3680664764557872
2019-03-05,0.3958174200215672
2019-03-06,0.3332135154565061
2019-03-07,0.2127768916247304
2019-03-08,0.24033125898634072
2019-03-11,0.3260047852264558
2019-03-12,0.4492243664629763
2019-03-13,0.4736503639468009
2019-03-14,0.4778907934938893
2019-03-15,0.5723175772825305
2019-03-18,0.4723192622214235
2019-03-19,0.4736194734004313
2019-03-20,0.415385177030913
2019-03-21,0.4124056434219986
2019-03-22,0.2887535945363048
2019-03-25,0.1592997393961179
2019-03-26,0.32412607836089147
2019-03-27,0.32425525700934577
2019-03-28,0.3680917505391804
2019-03-29,0.5133110172537743
2019-04-01,0.5035243305176133
2019-04-02,0.579447677030913
2019-04-03,0.5558136008267434
2019-04-04,0.5584870372034507
2019-04-05,0.6890389108554996
2019-04-08,0.61963066139468
2019-04-09,0.6019528441768511
2019-04-10,0.6436803558590942
2019-04-11,0.6737761727174695
2019-04-12,0.7367311062185478
2019-04-15,0.6694037562904386
2019-04-16,0.7115103792235802
2019-04-17,0.6960314072609634
2019-04-18,0.7193228792235802
2019-04-22,0.5291269769949676
2019-04-23,0.575808209022286
2019-04-24,0.5230078405823149
2019-04-25,0.46810972322070454
2019-04-26,0.5347799469805895
2019-04-29,0.490255436736161
2019-04-30,0.4862171998562186
2019-05-01,0.41282126168224303
2019-05-02,0.3224944958662832
2019-05-03,0.5708994203810208
2019-05-06,0.32997562455068297
2019-05-07,0.1248764378145219
2019-05-08,0.06758009076204169
2019-05-09,0.04307546279654925
2019-05-10,0.1307147510783609
2019-05-13,0.06944194823867719
2019-05-14,0.09607240744069012
2019-05-15,0.173807063263839
2019-05-16,0.2671667190869878
2019-05-17,0.24068790438533424
2019-05-20,0.18508211268871314
2019-05-21,0.28493159148094893
2019-05-22,0.3650953675413372
2019-05-23,0.20301267074047447
2019-05-24,0.25487789809489575
2019-05-28,0.16708696531272468
2019-05-29,0.12745158608914445
2019-05-30,0.19519174604601006
2019-05-31,0.13534271657081237
2019-06-03,0.12312971782890006
2019-06-04,0.17340548616103527
2019-06-05,0.2599158653846154
2019-06-06,0.3198154430265996
2019-06-07,0.3272881470165349
2019-06-10,0.25457460909417684
2019-06-11,0.27628785496046016
2019-06-12,0.3155890546369518
2019-06-13,0.3218682602444285
2019-06-14,0.35821800862688713
2019-06-17,0.28704618979151686
2019-06-18,0.3156592604241553
2019-06-19,0.31745091211358734
2019-06-20,0.3567773858734723
2019-06-21,0.32225298795830337
2019-06-24,0.21533799874191228
2019-06-25,0.19719963156002876
2019-06-26,0.18400375179726813
2019-06-27,0.19262502246585195
2019-06-28,0.1896033653846154
2019-07-01,0.4153149712437096
2019-07-02,0.5398094895758447
2019-07-03,0.6492827776779295
2019-07-05,0.6156429726815241
2019-07-08,0.5187280957943925
2019-07-09,0.5277032036304817
2019-07-10,0.6005431119698058
2019-07-11,0.7102185927390366
2019-07-12,0.7498820542774982
2019-07-15,0.6809596288641264
2019-07-16,0.6647898319554277
2019-07-17,0.548074114845435
2019-07-18,0.45157204798705974
2019-07-19,0.4614710639827462
2019-07-22,0.32844233015815955
2019-07-23,0.4461100377426312
2019-07-24,0.5040466615744068
2019-07-25,0.5136480050323508
2019-07-26,0.5795993215312725
2019-07-29,0.5001067127965493
2019-07-30,0.3875640276779295
2019-07-31,0.27894725017972677
2019-08-01,0.2165455382818116
2019-08-02,0.11798222951114307
2019-08-05,0.039079349388928875
2019-08-06,0.0569425098849749
2019-08-07,0.07149476545650607
2019-08-08,0.17054109004313442
2019-08-09,0.18171785136592383
2019-08-12,0.1084651329978433
2019-08-13,0.1470726994967649
2019-08-14,0.14362138299784327
2019-08-15,0.07341840402588062
2019-08-16,0.15395286664270313
2019-08-19,0.24266770758447162
2019-08-20,0.22035911664270308
2019-08-21,0.28509166067577285
2019-08-22,0.2844822744428469
2019-08-23,0.20398993529834655
2019-08-26,0.10840896836808053
2019-08-27,0.1561095884255931
2019-08-28,0.15200676222142345
2019-08-29,0.26365081326383893
2019-08-30,0.25527105050323506
2019-09-03,0.156106780194105
2019-09-04,0.34654138209920915
2019-09-05,0.5047515276779295
2019-09-06,0.5954545965132998
2019-09-09,0.5382116058590942
2019-09-10,0.5075625673975558
2019-09-11,0.5710594895758447
2019-09-12,0.645387760603882
2019-09-13,0.666727511682243
2019-09-16,0.4800755975916607
2019-09-17,0.5126426581595974
2019-09-18,0.5085959965851905
2019-09-19,0.6016944868799424
2019-09-20,0.6052777902588066
2019-09-23,0.6919117316678648
2019-09-24,0.45467514378145213
2019-09-25,0.3276560253414809
2019-09-26,0.4173846378504673
2019-09-27,0.4032171099928109
2019-09-30,0.34247787113587347
2019-10-01,0.303426604061826
2019-10-02,0.1271735711718188
2019-10-03,0.14580057063263835
2019-10-04,0.2793937589863408
2019-10-07,0.24080304187634796
2019-10-08,0.2026700664989216
2019-10-09,0.22268994877785764
2019-10-10,0.1959415438533429
2019-10-11,0.33054288731128684
2019-10-14,0.4527908204529116
2019-10-15,0.6708949272106398
2019-10-16,0.7032569868799425
2019-10-17,0.7281323014018691
2019-10-18,0.6415152093817397
2019-10-21,0.5839352309489576
2019-10-22,0.5990519410496046
2019-10-23,0.5747017658159597
2019-10-24,0.6865536259884975
2019-10-25,0.7960072564701653
2019-10-28,0.7754818925233645
2019-10-29,0.7523027498202732
2019-10-30,0.7836538461538461
2019-10-31,0.7588122304097771
2019-11-01,0.840006627426312
2019-11-04,0.7856280328900072
2019-11-05,0.8064257952911574
2019-11-06,0.8539803873112868
2019-11-07,0.9017512131560028
2019-11-08,0.9146522286125089
2019-11-11,0.8413405373831775
2019-11-12,0.829835212976276
2019-11-13,0.7540213874910138
2019-11-14,0.757180647915169
2019-11-15,0.8393354601006471
2019-11-18,0.8277515052120776
2019-11-19,0.8510205113227894
2019-11-20,0.77665011682243
2019-11-21,0.8160130975916606
2019-11-22,0.8867468323148814
2019-11-25,0.8902711628324946
2019-11-26,0.9154638075125807
2019-11-27,0.9212599973040978
2019-11-29,0.785847074946082
2019-12-02,0.4847737688713156
2019-12-03,0.3287512356218548
2019-12-04,0.3662046189791517
2019-12-05,0.46976657979870595
2019-12-06,0.6175778441768511
2019-12-09,0.3839049020488857
2019-12-10,0.2610925143781452
2019-12-11,0.3270129403306974
2019-12-12,0.3831298301581596
2019-12-13,0.5543898274622574
2019-12-16,0.7259783878504673
2019-12-17,0.7552457764198419
2019-12-18,0.8183944778936016
2019-12-19,0.8385126482746226
2019-12-20,0.8633402228612509
2019-12-23,0.8424750629043853
2019-12-24,0.8605151419841841
2019-12-26,0.8640198148813804
2019-12-27,0.7978691139468008
2019-12-30,0.6048481308411215
2019-12-31,0.4513277318475917
2020-01-02,0.6750426851186198
2020-01-03,0.4503476590582315
2020-01-06,0.4122006425233645
2020-01-07,0.5430586134076204
2020-01-08,0.4990985576923077
2020-01-09,0.67350377426312
2020-01-10,0.756975647016535
2020-01-13,0.689982476635514
2020-01-14,0.6898420650611071
2020-01-15,0.7348046594176851
2020-01-16,0.7653834920920202
2020-01-17,0.7763917595255212
2020-01-21,0.5518231038820992
2020-01-22,0.6450676222142344
2020-01-23,0.5643674739396118
2020-01-24,0.4178002561107117
2020-01-27,0.1756633042774982
2020-01-28,0.11508975107836089
2020-01-29,0.15333505571531275
2020-01-30,0.13082427210639827
2020-01-31,0.10005728792235799
2020-02-03,0.08778250808770671
2020-02-04,0.19183029295470885
2020-02-05,0.2872876976994967
2020-02-06,0.3438510963335729
2020-02-07,0.33489283788641266
2020-02-10,0.3201440061107117
2020-02-11,0.42762625808770666
2020-02-12,0.5236649667505392
2020-02-13,0.47387221423436376
2020-02-14,0.5668836493529834
2020-02-18,0.3725006739755572
2020-02-19,0.49334168314162474
2020-02-20,0.37095895488856934
2020-02-21,0.22644455427749818
2020-02-24,0.022999415887850483
2020-02-25,0.018191723580158137
2020-02-26,0.013805265995686627
2020-02-27,0.00752606038820991
2020-02-28,0.0023195992092019946
2020-03-02,0.009688398634076223
2020-03-03,0.018624191229331427
2020-03-04,0.018534327821710994
2020-03-05,0.010356757728253035
2020-03-06,0.01278868619698062
2020-03-09,0.010384840043134475
2020-03-10,0.008447160316319174
2020-03-11,0.007941678648454326
2020-03-12,0.009227848670021577
2020-03-13,0.010098400431344356
2020-03-16,0.006807153127246557
2020-03-17,0.007200305535585927
2020-03-18,0.014372528756290415
2020-03-19,0.022724209202012957
2020-03-20,0.028065465492451425
2020-03-23,0.0115699137311287
2020-03-24,0.0778666427030913
2020-03-25,0.012811152048885693
2020-03-26,0.013378414809489564
2020-03-27,0.014844311646297598
2020-03-30,0.026975871675053942
2020-03-31,0.028419302659956847
2020-04-01,0.027296010064701615
2020-04-02,0.04984049245147376
2020-04-03,0.0938370551761323
2020-04-06,0.0725927839683681
2020-04-07,0.06320205787203448
2020-04-08,0.10711156542056072
2020-04-09,0.1255307557512581
2020-04-13,0.07572396207764198
2020-04-14,0.09573541966211357
2020-04-15,0.07138805265995687
2020-04-16,0.0960976815240834
2020-04-17,0.21689095075485262
2020-04-20,0.08391557332854063
2020-04-21,0.08431153396836805
2020-04-22,0.19807018332135157
2020-04-23,0.18192566049604597
2020-04-24,0.3205905149173257
2020-04-27,0.2864733105679367
2020-04-28,0.282654115744069
2020-04-29,0.2874926985981308
2020-04-30,0.24850602084831053
2020-05-01,0.17526453540618261
2020-05-04,0.14814263569374553
2020-05-05,0.255838313263839
2020-05-06,0.26814398364485986
2020-05-07,0.3792348130841121
2020-05-08,0.5579169662113588
2020-05-11,0.42587392163910853
2020-05-12,0.34537034956865575
2020-05-13,0.20354623472322073
2020-05-14,0.2561949586628325
2020-05-15,0.384014423076923
2020-05-18,0.4293701698418404
2020-05-19,0.45639097322070454
2020-05-20,0.5348585774622574
2020-05-21,0.5461111610352265
2020-05-22,0.5638198687994249
2020-05-26,0.5354174155283968
2020-05-27,0.509357027318476
2020-05-28,0.49615833932422715
2020-05-29,0.5035383716750539
2020-06-01,0.3499674245147376
2020-06-02,0.48157519320632636
2020-06-03,0.5669004987419123
2020-06-04,0.5847440016175414
2020-06-05,0.5798969940690151
2020-06-08,0.42959482836089136
2020-06-09,0.3975472906182602
2020-06-10,0.3922425413371675
2020-06-11,0.17307130661394676
2020-06-12,0.14863407620416963
2020-06-15,0.146626190690151
2020-06-16,0.168069846333573
2020-06-17,0.24867170650611073
2020-06-18,0.2838167235801582
2020-06-19,0.3469401509705248
2020-06-22,0.25047459112149534
2020-06-23,0.3194700305535586
2020-06-24,0.24467840132997842
2020-06-25,0.2605505257009346
2020-06-26,0.2638221153846154
2020-06-29,0.24352983465133002
2020-06-30,0.3387457314881381
2020-07-01,0.5187814521926671
2020-07-02,0.6263648005032351
2020-07-06,0.5222496180805176
2020-07-07,0.5409215492451473
2020-07-08,0.5572036754133717
2020-07-09,0.5498713829978432
2020-07-10,0.5569846333572969
2020-07-13,0.5400116822429907
2020-07-14,0.3801362553918044
2020-07-15,0.5173127471243709
2020-07-16,0.5960134345794392
2020-07-17,0.683492653666427
2020-07-20,0.6278306973400432
2020-07-21,0.671021297627606
2020-07-22,0.7269640771028038
2020-07-23,0.6698362239396118
2020-07-24,0.5829720075485263
2020-07-27,0.6658906586987778
2020-07-28,0.7067307692307692
2020-07-29,0.7378066588785047
2020-07-30,0.6588363812005751
2020-07-31,0.7567088650251617
2020-08-03,0.7616934759166069
2020-08-04,0.8158783024802301
2020-08-05,0.8584314342199857
2020-08-06,0.8552272420920201
2020-08-07,0.8575664989216392
2020-08-10,0.8528093547807333
2020-08-11,0.8086779969446442
2020-08-12,0.8894118439971244
2020-08-13,0.8923857611430625
2020-08-14,0.9005015501437814
2020-08-17,0.898294280194105
2020-08-18,0.9083196666067578
2020-08-19,0.9020236116103523
2020-08-20,0.8010143332135155
2020-08-21,0.8564769051042416
2020-08-24,0.8447581551042416
2020-08-25,0.8765417190869877
2020-08-26,0.8710179277498203
2020-08-27,0.8034490699137311
2020-08-28,0.8576282800143782
2020-08-31,0.8288607566498922
2020-09-01,0.8407592334651329
2020-09-02,0.8447216480948957
2020-09-03,0.6348035361250899
2020-09-04,0.386474433860532
2020-09-08,0.24313668224299062
2020-09-09,0.32460909417685124
2020-09-10,0.36800188713156
2020-09-11,0.44925525700934577
2020-09-14,0.5544572250179727
2020-09-15,0.636047582674335
2020-09-16,0.6637564027677929
2020-09-17,0.524333325844716
2020-09-18,0.5878751797268152
2020-09-21,0.3911108240474479
2020-09-22,0.528054232566499
2020-09-23,0.5751005346872753
2020-09-24,0.514914517433501
2020-09-25,0.6126550143781453
2020-09-28,0.6361234049245148
2020-09-29,0.586771544751977
2020-09-30,0.6114362419122933
2020-10-01,0.6498528486700216
2020-10-02,0.6220850557153127
2020-10-05,0.5997989306254493
2020-10-06,0.6042808680805176
2020-10-07,0.588318880301941
2020-10-08,0.677205023364486
2020-10-09,0.6953012670740474
2020-10-12,0.6571739081595973
2020-10-13,0.6113941184399712
2020-10-14,0.5714610666786485
2020-10-15,0.489949339503954
2020-10-16,0.5347996046010065
2020-10-19,0.42381267972681524
2020-10-20,0.41090604780733286
2020-10-21,0.42022095165348666
2020-10-22,0.36622146836808056
2020-10-23,0.3688303154205608
2020-10-26,0.08475242631200575
2020-10-27,0.058256762221423425
2020-10-28,0.03814701653486696
2020-10-29,0.028978140726096335
2020-10-30,0.031603837167505366
2020-11-02,0.027026419841840427
2020-11-03,0.028542864845434973
2020-11-04,0.06378055355859094
2020-11-05,0.16712908878504673
2020-11-06,0.2929182018332135
2020-11-09,0.22110891445003591
2020-11-10,0.20616912293314163
2020-11-11,0.3435562320273185
2020-11-12,0.3442302075844716
2020-11-13,0.486896791876348
2020-11-16,0.5455270488856938
2020-11-17,0.6115092559309849
2020-11-18,0.6453175548166786
2020-11-19,0.6085915034148095
2020-11-20,0.6062045066498922
2020-11-23,0.5509497438892883
2020-11-24,0.6653290124011502
2020-11-25,0.6968289450035945
2020-11-27,0.7208982970884256
2020-11-30,0.5907845075485263
2020-12-01,0.6338712032710281
2020-12-02,0.6455843368080517
2020-12-03,0.6370136143062545
2020-12-04,0.7017910900431344
2020-12-07,0.651021072969087
2020-12-08,0.6686623831775701
2020-12-09,0.5943565780014378
2020-12-10,0.5429013524442847
2020-12-11,0.5593407395758447
2020-12-14,0.5447744428468728
2020-12-15,0.534282890007189
2020-12-16,0.6355645668583753
2020-12-17,0.7134340177929548
2020-12-18,0.6986908024802301
2020-12-21,0.5650161754133717
2020-12-22,0.6139271432422717
2020-12-23,0.6877723984543493
2020-12-24,0.7612329259525521
2020-12-28,0.7016984184040258
2020-12-29,0.6099703450754852
2020-12-30,0.567931119698059
2020-12-31,0.5275234768152408
2021-01-04,0.2877033159597412
2021-01-05,0.28804592020129405
2021-01-06,0.38735902677929546
2021-01-07,0.49006166876347956
2021-01-08,0.6735571306613947
2021-01-11,0.5993496135873473
2021-01-12,0.5643899397915169
2021-01-13,0.6600242631200575
2021-01-14,0.6418325395398994
2021-01-15,0.5188628909058232
2021-01-19,0.571491957225018
2021-01-20,0.7161102624011502
2021-01-21,0.7731988003235082
2021-01-22,0.745220390007189
2021-01-25,0.5746652588066139
2021-01-26,0.6591256290438534
2021-01-27,0.3938207674335011
2021-01-28,0.19585729690869874
2021-01-29,0.19291146207764195
2021-02-01,0.28364542145938176
2021-02-02,0.49805108734723225
2021-02-03,0.7546757054277498
2021-02-04,0.8214835325305536
2021-02-05,0.9004847007548527
2021-02-08,0.8995776419841841
2021-02-09,0.9140877740833933
2021-02-10,0.8929137086628324
2021-02-11,0.9082943925233644
2021-02-12,0.9459246944644141
2021-02-16,0.9067330158159598
2021-02-17,0.8788051536664271
2021-02-18,0.8434579439252337
2021-02-19,0.8503970839324226
2021-02-22,0.7323671144859814
2021-02-23,0.6548543089503954
2021-02-24,0.7078400206685838
2021-02-25,0.4897078315959741
2021-02-26,0.2322435523005032
2021-03-01,0.41548065690150976
2021-03-02,0.5582258716750539
2021-03-03,0.4620102444284687
2021-03-04,0.26166820183321354
2021-03-05,0.35894814881380305
2021-03-08,0.37069498112868443
2021-03-09,0.43841829169662117
2021-03-10,0.5605314297268152
2021-03-11,0.7167505391804457
2021-03-12,0.7858526914090582
2021-03-15,0.8348450979511143
2021-03-16,0.8508492092020129
2021-03-17,0.836061062185478
2021-03-18,0.7482560882458662
2021-03-19,0.7072194015097053
2021-03-22,0.7578630481667865
2021-03-23,0.7445351815240834
2021-03-24,0.7028189027677929
2021-03-25,0.6333320228253055
2021-03-26,0.7310275880661394
2021-03-29,0.6131296054996406
2021-03-30,0.5998298211718188
2021-03-31,0.6914933051761323
2021-04-01,0.8329916651689432
2021-04-05,0.7891355140186915
2021-04-06,0.7461836134076204
2021-04-07,0.8041314701653486
2021-04-08,0.8641911170021567
2021-04-09,0.8982774308051761
2021-04-12,0.8652301626527679
2021-04-13,0.8738570497843279
2021-04-14,0.8827338695183321
2021-04-15,0.893290011682243
2021-04-16,0.9159159327821711
2021-04-19,0.8393551177210641
2021-04-20,0.759135177030913
2021-04-21,0.7947828675413372
2021-04-22,0.7779447115384616
2021-04-23,0.84724905643422
2021-04-26,0.8667999640546369
2021-04-27,0.8677042145938174
2021-04-28,0.8891675278576563
2021-04-29,0.8715262176491734
2021-04-30,0.8254290977713875
2021-05-03,0.7732212661754134
2021-05-04,0.6515462122573688
2021-05-05,0.7034676042415529
2021-05-06,0.6862222546728971
2021-05-07,0.8292960325305536
2021-05-10,0.6643517478432782
2021-05-11,0.35102051132278933
2021-05-12,0.25154171908698775
2021-05-13,0.2181349973040978
2021-05-14,0.4945941543853343
2021-05-17,0.5180653531631919
2021-05-18,0.5926744473400432
2021-05-19,0.46579012401150255
2021-05-20,0.6032558635873472
2021-05-21,0.6975815510424156
2021-05-24,0.765074586628325
2021-05-25,0.8432248607117183
2021-05-26,0.8556821755930984
2021-05-27,0.8653312589863407
2021-05-28,0.9130964683680804
2021-06-01,0.8107280059309849
2021-06-02,0.8725877291516895
2021-06-03,0.8526801761322789
2021-06-04,0.8711583393242273
2021-06-07,0.8760558950395398
2021-06-08,0.8297397331056794
2021-06-09,0.746986767613228
2021-06-10,0.7979365115025162
2021-06-11,0.8973563308770669
2021-06-14,0.8079703226096334
2021-06-15,0.7711965312724659
2021-06-16,0.6650088740115025
2021-06-17,0.6314561241912293
2021-06-18,0.532774869698059
2021-06-21,0.48293156901509704
2021-06-22,0.7640860891445004
2021-06-23,0.8496248202731848
2021-06-24,0.8897460235442128
2021-06-25,0.898193183860532
2021-06-28,0.8839273679007907
2021-06-29,0.9150734633357298
2021-06-30,0.8914253459741193
2021-07-01,0.9433214638749101
2021-07-02,0.9583426941049604
2021-07-06,0.857400813263839
2021-07-07,0.8743316409058232
2021-07-08,0.618692712077642
2021-07-09,0.838827170201294
2021-07-12,0.886802996944644
2021-07-13,0.8745169841840402
2021-07-14,0.8851264827462257
2021-07-15,0.857948418404026
2021-07-16,0.8267349254133717
2021-07-19,0.516765141984184
2021-07-20,0.541932512580877
2021-07-21,0.7829826788281811
2021-07-22,0.8398381335370237
2021-07-23,0.903096356038821
2021-07-26,0.808677996944644
2021-07-27,0.7699300188713156
2021-07-28,0.8210959965851905
2021-07-29,0.9036888928828181
2021-07-30,0.8167263883896477
2021-08-02,0.8161057692307692
2021-08-03,0.8328737194464415
2021-08-04,0.8870360801581596
2021-08-05,0.9217402048885693
2021-08-06,0.9434309849029475
2021-08-09,0.942891804457225
2021-08-10,0.9541893197340043
2021-08-11,0.956461179007908
2021-08-12,0.9635603882099208
2021-08-13,0.9770764063623292
2021-08-16,0.8939359049245147
2021-08-17,0.7691352893601726
2021-08-18,0.556681344356578
2021-08-19,0.35788663731128684
2021-08-20,0.5991895443925234
2021-08-23,0.8378667550323509
2021-08-24,0.9124842739036665
2021-08-25,0.9181288191948239
2021-08-26,0.7756194958662832
2021-08-27,0.8156704933501079
2021-08-30,0.9446300997483825
2021-08-31,0.9497214234363767
2021-09-01,0.9543858959381739
2021-09-02,0.927898656542056
2021-09-03,0.9362924604601006
2021-09-07,0.8676592828900072
2021-09-08,0.7897589414090582
2021-09-09,0.7551615294751978
2021-09-10,0.5983807737239396
2021-09-13,0.4534226725377427
2021-09-14,0.5562067532350827
2021-09-15,0.6702546504313444
2021-09-16,0.7114654475197699
2021-09-17,0.60331202821711
2021-09-20,0.27403846153846156
2021-09-21,0.2417129088785047
2021-09-22,0.3685663416606758
2021-09-23,0.6282519320632638
2021-09-24,0.6526807377785766
2021-09-27,0.7052592559309849
2021-09-28,0.31134300862688713
2021-09-29,0.2664450035945363
2021-09-30,0.27093255751258083
2021-10-01,0.35860835280373826
2021-10-04,0.3239603927030913
2021-10-05,0.3509278396836808
2021-10-06,0.3540365519410496
2021-10-07,0.5626797268152408
2021-10-08,0.6548627336448599
2021-10-11,0.5833707764198419
2021-10-12,0.4934820947160316
2021-10-13,0.5540191409058233
2021-10-14,0.77815813713156
2021-10-15,0.8854016894320633
2021-10-18,0.8666707854061826
2021-10-19,0.9254105634435659
2021-10-20,0.9481235397196262
2021-10-21,0.9520775296549245
2021-10-22,0.9578793359094177
2021-10-25,0.9340037517972681
2021-10-26,0.889178760783609
2021-10-27,0.8623011772106398
2021-10-28,0.8577293763479511
2021-10-29,0.8471957000359454
2021-11-01,0.8471985082674335
2021-11-02,0.8423121854780733
2021-11-03,0.8774740519410495
2021-11-04,0.9277048885693745
2021-11-05,0.9239193925233645
2021-11-08,0.8521999685478074
2021-11-09,0.8312505616462976
2021-11-10,0.7831146657081236
2021-11-11,0.8490266669662114
2021-11-12,0.9240822699496766
2021-11-15,0.9406873427390366
2021-11-16,0.9576968008626887
2021-11-17,0.9685113003235082
2021-11-18,0.9553715851905104
2021-11-19,0.9251241238317758
2021-11-22,0.8537669617181883
2021-11-23,0.7164332090222862
2021-11-24,0.7615137491013659
2021-11-26,0.11963627785765635
2021-11-29,0.3440476725377426
2021-11-30,0.2314488227893602
2021-12-01,0.2526762446081955
2021-12-02,0.1553991058590942
2021-12-03,0.2267478432782171
2021-12-06,0.2038298661035227
2021-12-07,0.5150773948598131
2021-12-08,0.6597265905823149
2021-12-09,0.6428491193386052
2021-12-10,0.765908631380302
2021-12-13,0.7542685118619699
2021-12-14,0.6395887625808772
2021-12-15,0.7201709651329979
2021-12-16,0.7736172268152408
2021-12-17,0.677185365744069
2021-12-20,0.4622349029475198
2021-12-21,0.6850708797627606
2021-12-22,0.8712145039539899
2021-12-23,0.9531025341480949
2021-12-27,0.9150341480948958
2021-12-28,0.9409120012580876
2021-12-29,0.9668319778936016
2021-12-30,0.9590728342918764
2021-12-31,0.9492075170740475
2022-01-03,0.9061797942127965
2022-01-04,0.9456579124730411
2022-01-05,0.838012783069734
2022-01-06,0.7232150880661394
2022-01-07,0.8004161799065421
2022-01-10,0.6094002740833933
2022-01-11,0.6849753998921639
2022-01-12,0.8415286888928828
2022-01-13,0.7516006919482386
2022-01-14,0.6535597142343638
2022-01-18,0.35325867181883536
2022-01-19,0.30966368619698054
2022-01-20,0.3441628100287563
